# Sequel Pro dump
# Version 2492
# http://code.google.com/p/sequel-pro
#
# Host: 127.0.0.1 (MySQL 5.1.44)
# Database: clt
# Generation Time: 2011-02-22 15:35:45 +0800
# ************************************************************

/*!40101 SET @OLD_CHARACTER_SET_CLIENT=@@CHARACTER_SET_CLIENT */;
/*!40101 SET @OLD_CHARACTER_SET_RESULTS=@@CHARACTER_SET_RESULTS */;
/*!40101 SET @OLD_COLLATION_CONNECTION=@@COLLATION_CONNECTION */;
/*!40101 SET NAMES utf8 */;
/*!40014 SET @OLD_UNIQUE_CHECKS=@@UNIQUE_CHECKS, UNIQUE_CHECKS=0 */;
/*!40014 SET @OLD_FOREIGN_KEY_CHECKS=@@FOREIGN_KEY_CHECKS, FOREIGN_KEY_CHECKS=0 */;
/*!40101 SET @OLD_SQL_MODE=@@SQL_MODE, SQL_MODE='NO_AUTO_VALUE_ON_ZERO' */;
/*!40111 SET @OLD_SQL_NOTES=@@SQL_NOTES, SQL_NOTES=0 */;


# Dump of table bad
# ------------------------------------------------------------

DROP TABLE IF EXISTS `bad`;

CREATE TABLE `bad` (
  `id` int(11) NOT NULL AUTO_INCREMENT,
  `batch_id` int(11) DEFAULT NULL,
  `num` int(11) DEFAULT NULL,
  `created` datetime DEFAULT NULL,
  `status` int(11) NOT NULL DEFAULT '0',
  PRIMARY KEY (`id`)
) ENGINE=MyISAM AUTO_INCREMENT=20 DEFAULT CHARSET=utf8;

LOCK TABLES `bad` WRITE;
/*!40000 ALTER TABLE `bad` DISABLE KEYS */;
INSERT INTO `bad` (`id`,`batch_id`,`num`,`created`,`status`)
VALUES
	(19,747,1,'2011-02-14 06:29:48',0);

/*!40000 ALTER TABLE `bad` ENABLE KEYS */;
UNLOCK TABLES;


# Dump of table batches
# ------------------------------------------------------------

DROP TABLE IF EXISTS `batches`;

CREATE TABLE `batches` (
  `id` int(11) NOT NULL AUTO_INCREMENT,
  `order_id` int(11) NOT NULL,
  `num` int(11) NOT NULL,
  `created` datetime DEFAULT NULL,
  `modified` datetime DEFAULT NULL,
  `status` int(1) NOT NULL DEFAULT '0',
  `batch_num` int(11) DEFAULT NULL,
  PRIMARY KEY (`id`)
) ENGINE=MyISAM AUTO_INCREMENT=768 DEFAULT CHARSET=utf8;

LOCK TABLES `batches` WRITE;
/*!40000 ALTER TABLE `batches` DISABLE KEYS */;
INSERT INTO `batches` (`id`,`order_id`,`num`,`created`,`modified`,`status`,`batch_num`)
VALUES
	(557,729,2,'2011-01-18 06:49:14','2011-01-18 07:01:14',1,1),
	(558,676,15,'2011-01-18 06:51:51','2011-01-18 07:01:14',1,1),
	(559,687,6,'2011-01-18 06:55:11','2011-01-18 07:01:14',1,1),
	(560,679,8,'2011-01-18 06:55:46','2011-01-18 07:01:14',1,1),
	(561,686,2,'2011-01-18 07:00:56','2011-01-18 07:01:14',1,1),
	(562,685,4,'2011-01-18 07:05:26','2011-01-18 07:31:49',1,2),
	(563,670,1,'2011-01-18 07:06:11','2011-01-18 07:31:49',1,2),
	(564,669,1,'2011-01-18 07:06:22','2011-01-18 07:31:49',1,2),
	(565,668,9,'2011-01-18 07:06:42','2011-01-18 07:31:49',1,2),
	(566,672,1,'2011-01-18 07:07:02','2011-01-18 07:31:49',1,2),
	(567,688,1,'2011-01-18 07:07:17','2011-01-18 07:31:49',1,2),
	(568,676,3,'2011-01-18 07:18:41','2011-01-18 07:31:49',1,2),
	(569,703,2,'2011-01-18 07:21:25','2011-01-18 07:31:49',1,2),
	(570,702,3,'2011-01-18 07:21:46','2011-01-18 07:31:49',1,2),
	(571,731,1,'2011-01-18 07:26:33','2011-01-18 07:31:49',1,2),
	(572,689,1,'2011-01-18 07:27:27','2011-01-18 07:31:49',1,2),
	(573,716,2,'2011-01-18 07:29:55','2011-01-18 07:31:49',1,2),
	(574,706,1,'2011-01-18 07:30:51','2011-01-18 07:31:49',1,2),
	(711,801,2,'2011-02-11 05:36:18','2011-02-11 05:36:26',1,2),
	(576,694,3,'2011-01-18 07:37:11','2011-01-18 09:19:30',1,3),
	(577,676,6,'2011-01-18 07:37:31','2011-01-18 09:19:30',1,3),
	(578,706,9,'2011-01-18 07:40:51','2011-01-18 09:19:30',1,3),
	(579,727,1,'2011-01-18 07:41:02','2011-01-18 09:19:30',1,3),
	(580,732,2,'2011-01-18 07:41:18','2011-01-18 09:19:30',1,3),
	(581,717,3,'2011-01-18 07:42:09','2011-01-18 09:19:30',1,3),
	(582,726,2,'2011-01-18 07:42:33','2011-01-18 09:19:30',1,3),
	(710,802,1,'2011-02-11 05:36:08','2011-02-11 05:36:26',1,2),
	(584,687,1,'2011-01-18 07:44:42','2011-01-18 09:19:30',1,3),
	(585,724,1,'2011-01-18 07:45:15','2011-01-18 09:19:30',1,3),
	(586,705,2,'2011-01-18 07:47:08','2011-01-18 09:19:30',1,3),
	(587,711,2,'2011-01-18 09:13:49','2011-01-18 09:19:30',1,3),
	(588,728,1,'2011-01-18 09:17:57','2011-01-18 09:19:30',1,3),
	(589,704,2,'2011-01-18 09:18:29','2011-01-18 09:19:30',1,3),
	(590,713,1,'2011-01-18 09:19:17','2011-01-18 09:19:30',1,3),
	(591,782,1,'2011-01-18 09:26:25','2011-01-18 09:28:33',1,4),
	(592,755,2,'2011-01-18 09:27:48','2011-01-18 09:28:33',1,4),
	(593,780,1,'2011-01-18 09:28:03','2011-01-18 09:28:33',1,4),
	(594,697,1,'2011-01-18 10:11:46','2011-01-18 10:13:12',1,5),
	(595,714,1,'2011-01-18 10:12:01','2011-01-18 10:13:12',1,5),
	(596,691,1,'2011-01-18 10:12:11','2011-01-18 10:13:12',1,5),
	(597,700,2,'2011-01-18 10:12:20','2011-01-18 10:13:12',1,5),
	(598,696,1,'2011-01-18 10:12:36','2011-01-18 10:13:12',1,5),
	(599,721,1,'2011-01-18 10:12:48','2011-01-18 10:13:12',1,5),
	(712,805,1,'2011-02-11 05:38:25','2011-02-11 05:58:50',1,3),
	(601,786,1,'2011-01-18 11:01:35','2011-01-18 11:05:56',1,6),
	(602,779,1,'2011-01-18 11:02:14','2011-01-18 11:05:56',1,6),
	(603,781,1,'2011-01-18 11:02:29','2011-01-18 11:05:56',1,6),
	(604,744,1,'2011-01-18 11:03:05','2011-01-18 11:05:56',1,6),
	(605,776,1,'2011-01-18 11:03:26','2011-01-18 11:05:56',1,6),
	(606,765,1,'2011-01-18 11:03:44','2011-01-18 11:05:56',1,6),
	(607,683,1,'2011-01-18 11:04:52','2011-01-18 11:05:56',1,6),
	(608,761,1,'2011-01-18 11:05:24','2011-01-18 11:05:56',1,6),
	(609,777,1,'2011-01-18 11:10:08','2011-01-18 11:13:44',1,7),
	(717,814,1,'2011-02-11 08:34:59','2011-02-11 08:44:34',1,5),
	(611,709,2,'2011-01-18 11:11:39','2011-01-18 11:13:44',1,7),
	(612,677,1,'2011-01-18 11:11:52','2011-01-18 11:13:44',1,7),
	(613,705,2,'2011-01-18 11:12:14','2011-01-18 11:13:44',1,7),
	(614,720,2,'2011-01-18 11:12:52','2011-01-18 11:13:44',1,7),
	(615,706,2,'2011-01-18 11:13:08','2011-01-18 11:13:44',1,7),
	(616,795,4,'2011-01-18 11:13:27','2011-01-18 11:13:44',1,7),
	(617,773,2,'2011-01-18 11:30:39','2011-01-18 11:33:58',1,8),
	(618,796,7,'2011-01-18 11:30:53','2011-01-18 11:33:58',1,8),
	(619,750,1,'2011-01-18 11:31:42','2011-01-18 11:33:58',1,8),
	(620,758,1,'2011-01-18 11:31:52','2011-01-18 11:33:58',1,8),
	(621,785,1,'2011-01-18 11:32:47','2011-01-18 11:33:58',1,8),
	(622,682,1,'2011-01-18 11:39:54','2011-01-18 11:48:58',1,9),
	(623,681,1,'2011-01-18 11:40:05','2011-01-18 11:48:58',1,9),
	(624,711,1,'2011-01-18 11:40:36','2011-01-18 11:48:58',1,9),
	(625,792,1,'2011-01-18 11:45:01','2011-01-18 11:48:58',1,9),
	(713,800,1,'2011-02-11 05:58:38','2011-02-11 05:58:50',1,3),
	(627,745,1,'2011-01-18 11:45:47','2011-01-18 11:48:58',1,9),
	(628,699,1,'2011-01-18 11:49:19','2011-01-18 11:56:56',1,10),
	(629,719,2,'2011-01-18 11:49:27','2011-01-18 11:56:56',1,10),
	(630,698,1,'2011-01-18 11:49:40','2011-01-18 11:56:56',1,10),
	(631,711,1,'2011-01-18 11:50:58','2011-01-18 11:56:56',1,10),
	(632,797,2,'2011-01-18 11:51:23','2011-01-18 11:56:56',1,10),
	(633,678,1,'2011-01-18 11:55:47','2011-01-18 11:56:56',1,10),
	(634,718,1,'2011-01-18 11:55:58','2011-01-18 11:56:56',1,10),
	(635,789,4,'2011-01-18 11:56:32','2011-01-18 11:56:56',1,10),
	(636,701,1,'2011-01-18 12:00:53','2011-01-18 12:10:28',1,11),
	(637,675,1,'2011-01-18 12:01:01','2011-01-18 12:10:28',1,11),
	(638,680,1,'2011-01-18 12:01:57','2011-01-18 12:10:28',1,11),
	(639,720,2,'2011-01-18 12:04:41','2011-01-18 12:10:28',1,11),
	(640,724,1,'2011-01-18 12:04:51','2011-01-18 12:10:28',1,11),
	(641,717,1,'2011-01-18 12:05:46','2011-01-18 12:10:28',1,11),
	(642,797,3,'2011-01-18 12:06:12','2011-01-18 12:10:28',1,11),
	(643,787,2,'2011-01-18 12:06:21','2011-01-18 12:10:28',1,11),
	(644,788,2,'2011-01-18 12:06:51','2011-01-18 12:10:28',1,11),
	(645,692,5,'2011-01-18 12:07:11','2011-01-18 12:10:28',1,11),
	(646,708,1,'2011-01-18 12:07:27','2011-01-18 12:10:28',1,11),
	(647,707,1,'2011-01-18 12:07:33','2011-01-18 12:10:28',1,11),
	(648,784,2,'2011-01-18 12:08:28','2011-01-18 12:10:28',1,11),
	(708,798,1,'2011-02-11 05:00:55','2011-02-11 05:01:11',1,1),
	(715,812,1,'2011-02-11 08:34:36','2011-02-11 08:44:34',1,5),
	(651,754,1,'2011-01-18 12:17:56','2011-01-18 12:20:41',1,12),
	(652,752,1,'2011-01-18 12:18:06','2011-01-18 12:20:41',1,12),
	(653,712,1,'2011-01-18 12:18:45','2011-01-18 12:20:41',1,12),
	(654,684,1,'2011-01-18 12:19:07','2011-01-18 12:20:41',1,12),
	(655,715,1,'2011-01-18 12:19:17','2011-01-18 12:20:41',1,12),
	(656,667,1,'2011-01-18 12:20:12','2011-01-18 12:20:41',1,12),
	(657,764,2,'2011-01-18 12:20:22','2011-01-18 12:20:41',1,12),
	(658,753,1,'2011-01-18 12:26:09','2011-01-18 12:27:33',1,13),
	(659,730,1,'2011-01-18 12:26:23','2011-01-18 12:27:33',1,13),
	(660,794,1,'2011-01-18 12:26:35','2011-01-18 12:27:33',1,13),
	(661,764,1,'2011-01-18 12:26:53','2011-01-18 12:27:33',1,13),
	(662,793,1,'2011-01-18 12:27:14','2011-01-18 12:27:33',1,13),
	(663,751,1,'2011-01-18 12:33:58','2011-01-18 12:35:04',1,14),
	(664,671,2,'2011-01-18 12:34:21','2011-01-18 12:35:04',1,14),
	(665,672,1,'2011-01-18 12:34:33','2011-01-18 12:35:04',1,14),
	(666,756,1,'2011-01-18 12:34:44','2011-01-18 12:35:04',1,14),
	(667,764,1,'2011-01-18 12:34:51','2011-01-18 12:35:04',1,14),
	(668,775,1,'2011-01-18 12:37:03','2011-01-18 12:47:48',1,15),
	(669,749,1,'2011-01-18 12:44:43','2011-01-18 12:47:48',1,15),
	(670,788,2,'2011-01-18 12:45:23','2011-01-18 12:47:48',1,15),
	(671,789,1,'2011-01-18 12:45:43','2011-01-18 12:47:48',1,15),
	(672,747,1,'2011-01-18 12:46:07','2011-01-18 12:47:48',1,15),
	(673,778,1,'2011-01-18 12:46:24','2011-01-18 12:47:48',1,15),
	(674,723,2,'2011-01-18 12:47:31','2011-01-18 12:47:48',1,15),
	(675,743,1,'2011-01-18 12:52:11','2011-01-18 12:58:01',1,16),
	(676,748,1,'2011-01-18 12:52:22','2011-01-18 12:58:01',1,16),
	(677,760,1,'2011-01-18 12:52:34','2011-01-18 12:58:01',1,16),
	(678,740,1,'2011-01-18 12:52:43','2011-01-18 12:58:01',1,16),
	(679,737,1,'2011-01-18 12:53:15','2011-01-18 12:58:01',1,16),
	(680,736,1,'2011-01-18 12:53:35','2011-01-18 12:58:01',1,16),
	(681,766,1,'2011-01-18 12:53:46','2011-01-18 12:58:01',1,16),
	(682,746,1,'2011-01-18 12:54:06','2011-01-18 12:58:01',1,16),
	(683,783,1,'2011-01-18 12:54:24','2011-01-18 12:58:01',1,16),
	(684,784,2,'2011-01-18 12:55:06','2011-01-18 12:58:01',1,16),
	(685,769,1,'2011-01-18 12:55:13','2011-01-18 12:58:01',1,16),
	(686,725,1,'2011-01-18 12:56:01','2011-01-18 12:58:01',1,16),
	(716,817,1,'2011-02-11 08:34:49','2011-02-11 08:44:34',1,5),
	(688,768,2,'2011-01-18 13:36:08','2011-01-18 13:43:34',1,17),
	(689,742,1,'2011-01-18 13:36:17','2011-01-18 13:43:34',1,17),
	(690,739,1,'2011-01-18 13:36:37','2011-01-18 13:43:34',1,17),
	(691,783,1,'2011-01-18 13:38:28','2011-01-18 13:43:34',1,17),
	(692,770,1,'2011-01-18 13:38:39','2011-01-18 13:43:34',1,17),
	(693,769,1,'2011-01-18 13:38:43','2011-01-18 13:43:34',1,17),
	(694,771,1,'2011-01-18 13:55:22','2011-01-18 14:20:39',1,18),
	(695,772,1,'2011-01-18 13:55:33','2011-01-18 14:20:39',1,18),
	(696,722,1,'2011-01-18 13:55:53','2011-01-18 14:20:39',1,18),
	(697,673,1,'2011-01-18 13:55:59','2011-01-18 14:20:39',1,18),
	(698,775,1,'2011-01-18 13:56:10','2011-01-18 14:20:39',1,18),
	(699,774,1,'2011-01-18 13:56:27','2011-01-18 14:20:39',1,18),
	(714,799,2,'2011-02-11 06:23:26','2011-02-11 06:23:38',1,4),
	(701,690,1,'2011-01-18 13:57:52','2011-01-18 14:20:39',1,18),
	(702,757,1,'2011-01-18 14:07:56','2011-01-18 14:20:39',1,18),
	(703,741,1,'2011-01-18 14:08:02','2011-01-18 14:20:39',1,18),
	(704,687,1,'2011-01-18 14:10:13','2011-01-18 14:20:39',1,18),
	(705,788,1,'2011-01-18 14:13:28','2011-01-18 14:20:39',1,18),
	(709,804,4,'2011-02-11 05:35:53','2011-02-11 05:36:26',1,2),
	(707,709,3,'2011-01-18 14:32:19','2011-01-18 14:32:50',1,19),
	(718,816,1,'2011-02-11 08:35:09','2011-02-11 08:44:34',1,5),
	(719,815,1,'2011-02-11 08:35:17','2011-02-11 08:44:34',1,5),
	(721,806,4,'2011-02-11 08:37:32','2011-02-11 08:44:34',1,5),
	(722,820,2,'2011-02-11 08:37:48','2011-02-11 08:44:34',1,5),
	(723,811,1,'2011-02-11 08:38:16','2011-02-11 08:44:34',1,5),
	(724,818,1,'2011-02-11 08:38:30','2011-02-11 08:44:34',1,5),
	(725,813,1,'2011-02-11 08:38:47','2011-02-11 08:44:34',1,5),
	(726,831,1,'2011-02-11 08:44:19','2011-02-11 08:44:34',1,5),
	(727,809,1,'2011-02-11 08:52:01','2011-02-11 08:52:42',1,6),
	(728,824,1,'2011-02-11 08:52:10','2011-02-11 08:52:42',1,6),
	(729,807,1,'2011-02-11 08:52:18','2011-02-11 08:52:42',1,6),
	(730,810,1,'2011-02-11 08:52:25','2011-02-11 08:52:42',1,6),
	(731,808,2,'2011-02-11 08:52:32','2011-02-11 08:52:42',1,6),
	(732,826,2,'2011-02-11 09:23:41','2011-02-11 09:24:10',1,7),
	(733,822,1,'2011-02-11 09:23:51','2011-02-11 09:24:10',1,7),
	(734,823,1,'2011-02-11 09:24:02','2011-02-11 09:24:10',1,7),
	(735,803,1,'2011-02-11 10:11:13','2011-02-14 01:45:41',1,1),
	(736,821,1,'2011-02-11 10:11:17','2011-02-14 01:45:41',1,1),
	(737,819,1,'2011-02-11 10:11:25','2011-02-14 01:45:41',1,1),
	(738,830,1,'2011-02-14 01:45:15','2011-02-14 01:45:41',1,1),
	(739,828,1,'2011-02-14 01:45:20','2011-02-14 01:45:41',1,1),
	(740,827,1,'2011-02-14 01:45:24','2011-02-14 01:45:41',1,1),
	(741,832,1,'2011-02-14 01:49:47','2011-02-14 02:37:19',1,2),
	(742,825,1,'2011-02-14 01:49:58','2011-02-14 02:37:19',1,2),
	(743,836,1,'2011-02-14 02:35:56','2011-02-14 02:37:19',1,2),
	(744,833,1,'2011-02-14 02:36:18','2011-02-14 02:37:19',1,2),
	(745,835,1,'2011-02-14 02:36:55','2011-02-14 02:37:19',1,2),
	(746,899,2,'2011-02-14 05:29:56','2011-02-14 05:31:32',1,3),
	(747,841,1,'2011-02-14 05:31:14','2011-02-14 05:31:32',1,3),
	(748,843,1,'2011-02-14 05:32:29','2011-02-14 05:34:57',1,4),
	(750,887,2,'2011-02-14 05:34:16','2011-02-14 05:34:57',1,4),
	(751,842,1,'2011-02-14 05:45:25','2011-02-14 05:59:13',1,5),
	(752,845,1,'2011-02-14 05:45:40','2011-02-14 05:59:13',1,5),
	(753,838,1,'2011-02-14 05:46:48','2011-02-14 05:59:13',1,5),
	(754,837,1,'2011-02-14 05:47:16','2011-02-14 05:59:13',1,5),
	(755,886,1,'2011-02-14 05:59:38','2011-02-14 06:01:04',1,6),
	(756,893,2,'2011-02-14 06:00:36','2011-02-14 06:01:04',1,6),
	(757,892,2,'2011-02-14 06:05:07','2011-02-14 06:06:19',1,7),
	(758,886,1,'2011-02-14 06:06:09','2011-02-14 06:06:19',1,7),
	(759,860,1,'2011-02-14 06:11:49','2011-02-14 06:13:00',1,8),
	(760,861,2,'2011-02-14 06:12:00','2011-02-14 06:13:00',1,8),
	(761,847,1,'2011-02-14 06:21:40','2011-02-14 06:32:07',1,9),
	(762,909,1,'2011-02-14 06:21:49','2011-02-14 06:32:07',1,9),
	(764,840,1,'2011-02-14 06:30:33','2011-02-14 06:32:07',1,9),
	(765,849,1,'2011-02-14 06:31:13','2011-02-14 06:32:07',1,9),
	(766,848,1,'2011-02-14 06:31:26','2011-02-14 06:32:07',1,9);

/*!40000 ALTER TABLE `batches` ENABLE KEYS */;
UNLOCK TABLES;


# Dump of table customers
# ------------------------------------------------------------

DROP TABLE IF EXISTS `customers`;

CREATE TABLE `customers` (
  `id` int(11) NOT NULL AUTO_INCREMENT,
  `name` varchar(255) DEFAULT NULL,
  `created` datetime DEFAULT NULL,
  `modified` datetime DEFAULT NULL,
  `status` int(1) DEFAULT '1',
  PRIMARY KEY (`id`)
) ENGINE=MyISAM AUTO_INCREMENT=129 DEFAULT CHARSET=utf8;

LOCK TABLES `customers` WRITE;
/*!40000 ALTER TABLE `customers` DISABLE KEYS */;
INSERT INTO `customers` (`id`,`name`,`created`,`modified`,`status`)
VALUES
	(26,'益正','2010-12-27 05:33:29','2010-12-27 05:33:29',1),
	(25,'ㄧ澤','2010-12-27 05:32:55','2010-12-27 05:32:55',1),
	(24,'冠達','2010-12-27 05:32:36','2010-12-27 05:32:36',1),
	(23,'健泓','2010-12-27 05:32:20','2010-12-27 05:32:20',1),
	(22,'吉富','2010-12-27 05:31:41','2010-12-27 05:31:41',1),
	(11,'群力泰','2010-12-24 13:44:39','2010-12-24 13:44:39',1),
	(12,'采紘','2010-12-27 00:54:08','2010-12-27 00:54:08',1),
	(13,'信昌','2010-12-27 05:14:46','2010-12-27 05:14:46',1),
	(21,'三泰','2010-12-27 05:31:27','2010-12-27 05:31:27',1),
	(15,'大展','2010-12-27 05:15:59','2010-12-27 05:15:59',1),
	(20,'昕采','2010-12-27 05:31:06','2010-12-27 05:31:06',1),
	(17,'三雅','2010-12-27 05:17:41','2010-12-27 05:17:41',1),
	(18,'城昌','2010-12-27 05:18:33','2010-12-27 05:18:33',1),
	(19,'優隔','2010-12-27 05:19:41','2010-12-27 05:19:41',1),
	(27,'群冠','2010-12-27 05:33:40','2010-12-27 05:33:40',1),
	(28,'群鑫','2010-12-27 05:34:06','2010-12-27 05:34:06',1),
	(29,'永昌','2010-12-27 05:34:17','2010-12-27 05:34:17',1),
	(30,'旗茂','2010-12-27 05:34:40','2010-12-27 05:34:40',1),
	(31,'禾晟˙','2010-12-27 05:35:06','2010-12-27 05:35:06',1),
	(32,'統厚','2010-12-27 05:35:26','2010-12-27 05:35:26',1),
	(33,'喬鉅','2010-12-27 05:36:32','2010-12-27 05:36:32',1),
	(34,'信利','2010-12-27 05:36:48','2010-12-27 05:36:48',1),
	(35,'泰源','2010-12-27 05:37:01','2010-12-27 05:37:01',1),
	(36,'南錡','2010-12-27 05:37:23','2010-12-27 05:37:23',1),
	(37,'太豪','2010-12-27 05:37:49','2010-12-27 05:37:49',1),
	(38,'YA','2010-12-27 05:38:54','2010-12-27 05:38:54',1),
	(39,'丹越','2010-12-27 05:39:11','2010-12-27 05:39:11',1),
	(40,'V','2010-12-27 05:39:25','2010-12-27 05:39:25',1),
	(41,'東和','2010-12-27 05:39:42','2010-12-27 05:39:42',1),
	(42,'萬澍','2010-12-27 05:39:58','2010-12-27 05:39:58',1),
	(43,'上順','2010-12-27 05:40:12','2010-12-27 05:40:12',1),
	(44,'宏光','2010-12-27 05:40:31','2010-12-27 05:40:31',1),
	(45,'阿強','2010-12-27 05:40:46','2010-12-27 05:40:46',1),
	(46,'明彩','2010-12-27 05:40:57','2010-12-27 05:40:57',1),
	(47,'國盛','2010-12-27 05:41:10','2010-12-27 05:41:10',1),
	(48,'宏光','2010-12-29 00:49:50','2010-12-29 00:49:50',1),
	(49,'老二','2010-12-29 00:59:46','2010-12-29 00:59:46',1),
	(50,'宏冠','2010-12-29 01:26:53','2010-12-29 01:26:53',1),
	(52,'什','2010-12-29 04:09:16','2010-12-29 04:09:16',1),
	(53,'賴','2010-12-29 04:10:13','2010-12-29 04:10:13',1),
	(69,'極品','2010-12-31 06:44:54','2010-12-31 06:44:54',1),
	(56,'大','2010-12-29 05:05:35','2010-12-29 05:05:35',1),
	(72,'益震','2010-12-31 07:34:08','2010-12-31 07:34:08',1),
	(73,'益震','2010-12-31 07:34:33','2010-12-31 07:34:33',1),
	(70,'極品','2010-12-31 06:45:43','2010-12-31 06:45:43',1),
	(71,'H','2010-12-31 07:23:45','2010-12-31 07:23:45',1),
	(68,'旭桀','2010-12-31 06:27:41','2010-12-31 06:27:41',1),
	(64,'宜昌','2010-12-29 05:20:11','2010-12-29 05:20:11',1),
	(67,'東億','2010-12-31 06:10:59','2010-12-31 06:10:59',1),
	(66,'日月昌','2010-12-29 05:25:26','2010-12-29 05:25:26',1),
	(74,'鑫有','2010-12-31 08:05:00','2010-12-31 08:05:00',1),
	(75,'鑫有','2010-12-31 08:05:24','2010-12-31 08:05:24',1),
	(76,'品高','2011-01-03 01:01:49','2011-01-03 01:01:49',1),
	(77,'品高','2011-01-03 01:02:46','2011-01-03 01:02:46',1),
	(78,'品高','2011-01-03 01:04:17','2011-01-03 01:04:17',1),
	(79,'政煌','2011-01-03 01:20:08','2011-01-03 01:20:08',1),
	(80,'品創','2011-01-03 02:56:35','2011-01-03 02:56:35',1),
	(81,'采鑫','2011-01-03 03:46:34','2011-01-03 03:46:34',1),
	(82,'鴻鍾','2011-01-03 05:24:57','2011-01-03 05:24:57',1),
	(83,'鴻鍾','2011-01-03 05:25:40','2011-01-03 05:25:40',1),
	(84,'鴻鍾','2011-01-03 05:26:27','2011-01-03 05:26:27',1),
	(85,'鴻鍾','2011-01-03 05:30:36','2011-01-03 05:30:36',1),
	(86,'冠威','2011-01-03 06:38:12','2011-01-03 06:38:12',1),
	(87,'南興','2011-01-03 08:02:51','2011-01-03 08:02:51',1),
	(88,'進益','2011-01-03 08:10:49','2011-01-03 08:10:49',1),
	(89,'正浩','2011-01-03 08:30:25','2011-01-03 08:30:25',1),
	(90,'展熠','2011-01-04 01:24:27','2011-01-04 01:24:27',1),
	(91,'展熠','2011-01-04 01:28:24','2011-01-04 01:28:24',1),
	(92,'展熠','2011-01-04 01:28:45','2011-01-04 01:28:45',1),
	(93,'展熠','2011-01-04 01:29:03','2011-01-04 01:29:03',1),
	(94,'ㄧ澤(三峽)','2011-01-04 01:46:03','2011-01-04 01:46:03',1),
	(95,'浩拓','2011-01-04 05:58:45','2011-01-04 05:58:45',1),
	(96,'浩拓','2011-01-04 05:59:03','2011-01-04 05:59:03',1),
	(97,'逸安','2011-01-04 06:14:31','2011-01-04 06:14:31',1),
	(98,'華興','2011-01-04 06:44:57','2011-01-04 06:44:57',1),
	(99,'永新','2011-01-04 08:18:36','2011-01-04 08:18:36',1),
	(100,'宏城','2011-01-05 01:17:33','2011-01-05 01:17:33',1),
	(101,'政興','2011-01-05 01:40:29','2011-01-05 01:40:29',1),
	(102,'政興','2011-01-05 01:40:53','2011-01-05 01:40:53',1),
	(103,'政興','2011-01-05 01:41:38','2011-01-05 01:41:38',1),
	(104,'政興','2011-01-05 01:42:21','2011-01-05 01:42:21',1),
	(105,'政興','2011-01-05 01:43:25','2011-01-05 01:43:25',1),
	(106,'群冠','2011-01-05 02:34:09','2011-01-05 02:34:09',1),
	(107,'華昌(H)','2011-01-05 02:56:07','2011-01-05 02:56:33',1),
	(108,'春輝','2011-01-18 00:39:58','2011-01-18 00:39:58',1),
	(109,'春輝','2011-01-18 00:40:49','2011-01-18 00:40:49',1),
	(110,'春輝','2011-01-18 00:41:34','2011-01-18 00:41:34',1),
	(111,'祥伸','2011-01-18 01:09:42','2011-01-18 01:09:42',1),
	(112,'采唐','2011-01-18 02:41:16','2011-01-18 02:41:16',1),
	(113,'明旭','2011-01-18 03:27:32','2011-01-18 03:27:32',1),
	(114,'明旭','2011-01-18 03:31:41','2011-01-18 03:31:41',1),
	(115,'明旭','2011-01-18 03:33:46','2011-01-18 03:33:46',1),
	(116,'柏凱','2011-01-18 09:46:45','2011-01-18 09:46:45',1),
	(117,'柏凱','2011-01-18 09:47:09','2011-01-18 09:47:09',1),
	(118,'柏凱','2011-01-18 09:48:45','2011-01-18 09:48:45',1),
	(119,'柏凱','2011-01-18 09:52:07','2011-01-18 09:52:07',1),
	(120,'旭桀小廖','2011-02-11 01:56:17','2011-02-11 01:56:17',1),
	(121,'旭桀小廖','2011-02-11 01:56:42','2011-02-11 01:56:42',1),
	(122,'捷升','2011-02-14 00:53:51','2011-02-14 00:53:51',1),
	(123,'捷升','2011-02-14 00:55:13','2011-02-14 00:55:13',1),
	(124,'九誠','2011-02-14 01:23:11','2011-02-14 01:23:11',1),
	(125,'陳R','2011-02-14 06:15:48','2011-02-14 06:15:48',1),
	(126,'大 展','2011-02-14 06:18:58','2011-02-14 06:18:58',1),
	(127,'大 展','2011-02-14 06:19:47','2011-02-14 06:19:47',1),
	(128,'大 展','2011-02-14 06:20:17','2011-02-14 06:20:17',1);

/*!40000 ALTER TABLE `customers` ENABLE KEYS */;
UNLOCK TABLES;


# Dump of table orders
# ------------------------------------------------------------

DROP TABLE IF EXISTS `orders`;

CREATE TABLE `orders` (
  `id` int(11) NOT NULL AUTO_INCREMENT,
  `product_id` int(11) DEFAULT NULL,
  `customer_id` int(11) DEFAULT NULL,
  `unit_id` int(11) DEFAULT NULL,
  `x1` varchar(10) DEFAULT NULL,
  `y1` varchar(10) DEFAULT NULL,
  `x2` varchar(10) DEFAULT NULL,
  `y2` varchar(10) DEFAULT NULL,
  `num` int(11) DEFAULT NULL,
  `bad_num` int(11) NOT NULL DEFAULT '0',
  `ok_num` int(11) NOT NULL DEFAULT '0',
  `batch_num` int(11) NOT NULL DEFAULT '0',
  `content` text,
  `spec1_l` varchar(50) DEFAULT NULL,
  `spec1_s` varchar(50) DEFAULT NULL,
  `spec2_num` varchar(11) DEFAULT NULL,
  `spec2_l` varchar(50) DEFAULT NULL,
  `spec2_s` varchar(50) DEFAULT NULL,
  `spec3_l` varchar(50) DEFAULT NULL,
  `spec3_s` varchar(50) DEFAULT NULL,
  `spec4_l` varchar(50) DEFAULT NULL,
  `spec4_s` varchar(50) DEFAULT NULL,
  `spec5_num` varchar(11) DEFAULT NULL,
  `spec5_l` varchar(50) DEFAULT NULL,
  `spec5_s` varchar(50) DEFAULT NULL,
  `spec6` int(1) NOT NULL DEFAULT '0',
  `img` varchar(255) DEFAULT NULL,
  `created` datetime DEFAULT NULL,
  `modified` datetime DEFAULT NULL,
  PRIMARY KEY (`id`)
) ENGINE=MyISAM AUTO_INCREMENT=917 DEFAULT CHARSET=utf8;

LOCK TABLES `orders` WRITE;
/*!40000 ALTER TABLE `orders` DISABLE KEYS */;
INSERT INTO `orders` (`id`,`product_id`,`customer_id`,`unit_id`,`x1`,`y1`,`x2`,`y2`,`num`,`bad_num`,`ok_num`,`batch_num`,`content`,`spec1_l`,`spec1_s`,`spec2_num`,`spec2_l`,`spec2_s`,`spec3_l`,`spec3_s`,`spec4_l`,`spec4_s`,`spec5_num`,`spec5_l`,`spec5_s`,`spec6`,`img`,`created`,`modified`)
VALUES
	(667,26,109,1,'32','74',NULL,NULL,1,0,1,0,'洞','2','2',NULL,NULL,NULL,NULL,NULL,NULL,NULL,NULL,NULL,NULL,0,'','2011-01-18 00:52:57','2011-01-18 00:52:57'),
	(668,26,110,1,'32','45',NULL,NULL,9,0,9,0,'20*20右上小圓角','2','2',NULL,NULL,NULL,NULL,NULL,NULL,NULL,NULL,NULL,NULL,0,'','2011-01-18 00:53:04','2011-01-18 00:53:04'),
	(669,26,110,1,'32','77',NULL,NULL,1,0,1,0,'20cm右上圓角','2','2',NULL,NULL,NULL,NULL,NULL,NULL,NULL,NULL,NULL,NULL,0,'','2011-01-18 00:52:53','2011-01-18 00:52:53'),
	(670,26,110,1,'32','80',NULL,NULL,1,0,1,0,'20cm右上圓角','2','2',NULL,NULL,NULL,NULL,NULL,NULL,NULL,NULL,NULL,NULL,0,'','2011-01-18 00:52:48','2011-01-18 00:52:48'),
	(671,26,109,2,'49.5','68',NULL,NULL,2,0,2,0,'','','',NULL,NULL,NULL,NULL,NULL,NULL,NULL,NULL,NULL,NULL,0,'','2011-01-18 00:50:11','2011-01-18 00:50:11'),
	(672,26,109,2,'30.4','68',NULL,NULL,2,0,2,0,'','','',NULL,NULL,NULL,NULL,NULL,NULL,NULL,NULL,NULL,NULL,0,'','2011-01-18 00:50:54','2011-01-18 00:50:54'),
	(673,36,106,2,'96.2','19.6',NULL,NULL,1,0,1,0,'不印字','2','2',NULL,NULL,NULL,NULL,NULL,NULL,NULL,NULL,NULL,NULL,0,'','2011-01-18 00:52:36','2011-01-18 00:52:36'),
	(686,25,74,1,'33','98',NULL,NULL,2,0,2,0,'','2','2',NULL,'',NULL,'',NULL,NULL,NULL,NULL,NULL,NULL,0,'','2011-01-18 07:13:40','2011-01-18 07:13:40'),
	(687,25,13,1,'30.2','82.8',NULL,NULL,8,0,8,0,'','2','2',NULL,NULL,NULL,NULL,NULL,NULL,NULL,NULL,NULL,NULL,0,'','2011-01-18 01:52:27','2011-01-18 01:52:27'),
	(675,25,111,1,'132','86.5',NULL,NULL,1,0,1,0,'橢圓','2','2',NULL,NULL,NULL,NULL,NULL,NULL,NULL,NULL,NULL,NULL,0,'','2011-01-18 01:09:42','2011-01-18 01:09:42'),
	(676,25,24,1,'68.3','25.5',NULL,NULL,24,0,24,0,'','2','2',NULL,NULL,NULL,NULL,NULL,NULL,NULL,NULL,NULL,NULL,0,'','2011-01-18 01:14:59','2011-01-18 01:14:59'),
	(677,25,24,1,'68.8','38.7',NULL,NULL,1,0,1,0,'','2','2',NULL,NULL,NULL,NULL,NULL,NULL,NULL,NULL,NULL,NULL,0,'','2011-01-18 01:15:20','2011-01-18 01:15:20'),
	(678,25,24,1,'105','39.3',NULL,NULL,1,0,1,0,'','2','2',NULL,NULL,NULL,NULL,NULL,NULL,NULL,NULL,NULL,NULL,0,'','2011-01-18 01:15:31','2011-01-18 01:15:31'),
	(679,25,101,2,'42.65','11.4',NULL,NULL,8,0,8,0,'','2','2',NULL,NULL,NULL,NULL,NULL,NULL,NULL,NULL,NULL,NULL,0,'','2011-01-18 01:23:53','2011-01-18 01:23:53'),
	(680,25,67,1,'75.8','215.8',NULL,NULL,1,0,1,0,'洞','2','2','','',NULL,'',NULL,NULL,NULL,NULL,NULL,NULL,0,'','2011-01-18 11:52:52','2011-01-18 11:52:52'),
	(681,25,19,1,'77.1','215.8',NULL,NULL,1,0,1,0,'','1','2',NULL,NULL,NULL,NULL,NULL,NULL,NULL,NULL,NULL,NULL,0,'','2011-01-18 01:29:53','2011-01-18 01:29:53'),
	(682,25,19,1,'91.9','215.8',NULL,NULL,1,0,1,0,'','1','2',NULL,NULL,NULL,NULL,NULL,NULL,NULL,NULL,NULL,NULL,0,'','2011-01-18 01:30:25','2011-01-18 01:30:25'),
	(683,25,38,1,'61','64.9',NULL,NULL,1,0,1,0,'','','',NULL,NULL,NULL,NULL,NULL,NULL,NULL,NULL,NULL,NULL,0,'','2011-01-18 01:39:58','2011-01-18 01:39:58'),
	(684,26,38,1,'203.2','89.5',NULL,NULL,1,0,1,0,'','2','',NULL,NULL,NULL,NULL,NULL,NULL,NULL,NULL,NULL,NULL,0,'','2011-01-18 01:45:40','2011-01-18 01:45:40'),
	(685,26,108,1,'32','74',NULL,NULL,4,0,4,0,'','2','2',NULL,NULL,NULL,NULL,NULL,NULL,NULL,NULL,NULL,NULL,0,'','2011-01-18 01:45:43','2011-01-18 01:45:43'),
	(688,26,29,1,'178.4','167.3',NULL,NULL,1,0,1,0,'急','','',NULL,NULL,NULL,NULL,NULL,NULL,NULL,NULL,NULL,NULL,0,'','2011-01-18 01:53:31','2011-01-18 01:53:31'),
	(689,25,24,1,'185','62.8',NULL,NULL,1,0,1,0,'','','',NULL,NULL,NULL,NULL,NULL,NULL,NULL,NULL,NULL,NULL,0,'','2011-01-18 01:54:25','2011-01-18 01:54:25'),
	(690,26,46,1,'195','88.5',NULL,NULL,1,0,1,0,'洞','1','',NULL,NULL,NULL,NULL,NULL,NULL,NULL,NULL,NULL,NULL,0,'','2011-01-18 01:56:46','2011-01-18 01:56:46'),
	(691,26,46,1,'192.5','70',NULL,NULL,1,0,1,0,'洞','','1',NULL,NULL,NULL,NULL,NULL,NULL,NULL,NULL,NULL,NULL,0,'','2011-01-18 01:57:39','2011-01-18 01:57:39'),
	(692,25,29,1,'43','17',NULL,NULL,5,0,5,0,'','2','2',NULL,NULL,NULL,NULL,NULL,NULL,NULL,NULL,NULL,NULL,0,'','2011-01-18 02:06:14','2011-01-18 02:06:14'),
	(803,25,120,1,'170','50',NULL,NULL,1,0,1,0,'角不尖','2','2',NULL,NULL,NULL,NULL,NULL,NULL,NULL,NULL,NULL,NULL,0,'','2011-02-11 01:58:21','2011-02-11 01:58:21'),
	(694,25,29,1,'36','69',NULL,NULL,3,0,3,0,'','2','2',NULL,NULL,NULL,NULL,NULL,NULL,NULL,NULL,NULL,NULL,0,'','2011-01-18 02:07:02','2011-01-18 02:07:02'),
	(804,25,47,1,'45.3','24.1',NULL,NULL,4,0,4,0,'','2','2',NULL,NULL,NULL,NULL,NULL,NULL,NULL,NULL,NULL,NULL,0,'','2011-02-11 03:02:49','2011-02-11 03:02:49'),
	(696,26,39,1,'62.8','18.7',NULL,NULL,1,0,1,0,'','2','2',NULL,NULL,NULL,NULL,NULL,NULL,NULL,NULL,NULL,NULL,0,'','2011-01-18 02:13:08','2011-01-18 02:13:08'),
	(697,26,39,1,'218','69',NULL,NULL,1,0,1,0,'洞','2','2',NULL,NULL,NULL,NULL,NULL,NULL,NULL,NULL,NULL,NULL,0,'','2011-01-18 02:13:39','2011-01-18 02:13:39'),
	(698,35,38,1,'97.6','215',NULL,NULL,1,0,1,0,'','','',NULL,NULL,NULL,NULL,NULL,NULL,NULL,NULL,NULL,NULL,0,'','2011-01-18 02:15:08','2011-01-18 02:15:08'),
	(699,35,38,1,'215','99.6',NULL,NULL,1,0,1,0,'','','',NULL,NULL,NULL,NULL,NULL,NULL,NULL,NULL,NULL,NULL,0,'','2011-01-18 02:15:28','2011-01-18 02:15:28'),
	(700,26,38,1,'28.1','19',NULL,NULL,2,0,2,0,'','2','2',NULL,NULL,NULL,NULL,NULL,NULL,NULL,NULL,NULL,NULL,0,'','2011-01-18 02:26:05','2011-01-18 02:26:05'),
	(701,25,47,2,'41.3','95',NULL,NULL,1,0,1,0,'','','',NULL,NULL,NULL,NULL,NULL,NULL,NULL,NULL,NULL,NULL,0,'','2011-01-18 02:33:08','2011-01-18 02:33:08'),
	(702,25,47,2,'42.15','71.2',NULL,NULL,3,0,3,0,'','','',NULL,NULL,NULL,NULL,NULL,NULL,NULL,NULL,NULL,NULL,0,'','2011-01-18 02:33:45','2011-01-18 02:33:45'),
	(703,25,47,2,'42.15','43.65',NULL,NULL,2,0,2,0,'','','',NULL,NULL,NULL,NULL,NULL,NULL,NULL,NULL,NULL,NULL,0,'','2011-01-18 02:34:19','2011-01-18 02:34:19'),
	(704,25,47,2,'42.15','184.46',NULL,NULL,2,0,2,0,'','1','',NULL,NULL,NULL,NULL,NULL,NULL,NULL,NULL,NULL,NULL,0,'','2011-01-18 02:35:39','2011-01-18 02:35:39'),
	(705,25,112,2,'49.6','32',NULL,NULL,4,0,4,0,'','2','2',NULL,NULL,NULL,NULL,NULL,NULL,NULL,NULL,NULL,NULL,0,'','2011-01-18 02:41:35','2011-01-18 02:41:35'),
	(706,25,45,1,'26.2','56.7',NULL,NULL,12,0,12,0,'','2','2',NULL,NULL,NULL,NULL,NULL,NULL,NULL,NULL,NULL,NULL,0,'','2011-01-18 03:06:37','2011-01-18 03:06:37'),
	(707,25,45,1,'55.3','44',NULL,NULL,1,0,1,0,'','2','2',NULL,NULL,NULL,NULL,NULL,NULL,NULL,NULL,NULL,NULL,0,'','2011-01-18 03:06:56','2011-01-18 03:06:56'),
	(708,25,45,1,'52.7','44',NULL,NULL,1,0,1,0,'','2','2',NULL,NULL,NULL,NULL,NULL,NULL,NULL,NULL,NULL,NULL,0,'','2011-01-18 03:07:35','2011-01-18 03:07:35'),
	(709,25,45,1,'15.5','39','49',NULL,5,0,5,0,'','2','2',NULL,NULL,NULL,NULL,NULL,NULL,NULL,NULL,NULL,NULL,0,'','2011-01-18 03:08:41','2011-01-18 03:08:41'),
	(711,25,67,1,'142.4','56.3',NULL,NULL,4,0,4,0,'洞','2','2','','',NULL,'',NULL,NULL,NULL,NULL,NULL,NULL,0,'','2011-01-18 11:49:22','2011-01-18 11:49:22'),
	(712,26,45,1,'220.3','37.5',NULL,NULL,1,0,1,0,'','1','',NULL,NULL,NULL,NULL,NULL,NULL,NULL,NULL,NULL,NULL,0,'','2011-01-18 03:16:18','2011-01-18 03:16:18'),
	(713,25,45,1,'83.5','204.2',NULL,NULL,1,0,1,0,'','','',NULL,NULL,NULL,NULL,NULL,NULL,NULL,NULL,NULL,NULL,0,'','2011-01-18 03:16:57','2011-01-18 03:16:57'),
	(714,26,113,1,'197','90',NULL,NULL,1,0,1,0,'門，洞','','',NULL,NULL,NULL,NULL,NULL,NULL,NULL,NULL,NULL,NULL,0,'','2011-01-18 03:27:32','2011-01-18 03:27:32'),
	(715,26,114,1,'211.1','75.1',NULL,'74.5',1,0,1,0,'','1','',NULL,NULL,NULL,NULL,NULL,NULL,NULL,NULL,NULL,NULL,0,'','2011-01-18 03:31:41','2011-01-18 03:31:41'),
	(716,25,115,1,'211.7','104.74',NULL,NULL,2,0,2,0,'','','1',NULL,NULL,NULL,NULL,NULL,NULL,NULL,NULL,NULL,NULL,0,'','2011-01-18 03:34:08','2011-01-18 03:34:08'),
	(717,25,115,2,'19','6.65',NULL,NULL,4,0,4,0,'','','',NULL,NULL,NULL,NULL,NULL,NULL,NULL,NULL,NULL,NULL,0,'','2011-01-18 03:35:24','2011-01-18 03:35:24'),
	(718,25,115,2,'11.3','44.45',NULL,NULL,1,0,1,0,'','2','2',NULL,NULL,NULL,NULL,NULL,NULL,NULL,NULL,NULL,NULL,0,'','2011-01-18 03:36:20','2011-01-18 03:36:20'),
	(719,35,115,2,'37.3','85',NULL,NULL,2,0,2,0,'','','',NULL,NULL,NULL,NULL,NULL,NULL,NULL,NULL,NULL,NULL,0,'','2011-01-18 03:37:36','2011-01-18 03:37:36'),
	(720,25,115,2,'18.65','7.15',NULL,NULL,4,0,4,0,'','2','2',NULL,NULL,NULL,NULL,NULL,NULL,NULL,NULL,NULL,NULL,0,'','2011-01-18 03:40:01','2011-01-18 03:40:01'),
	(721,26,33,1,'133.8','23.8',NULL,NULL,1,0,1,0,'','2','2',NULL,NULL,NULL,NULL,NULL,NULL,NULL,NULL,NULL,NULL,0,'','2011-01-18 03:42:45','2011-01-18 03:42:45'),
	(722,26,33,1,'133.8','40',NULL,NULL,1,0,1,0,'','2','2',NULL,NULL,NULL,NULL,NULL,NULL,NULL,NULL,NULL,NULL,0,'','2011-01-18 03:43:09','2011-01-18 03:43:09'),
	(723,25,33,1,'36.5','36.5',NULL,NULL,2,0,2,0,'4/1圓 光ㄧ弧','2','2',NULL,NULL,NULL,NULL,NULL,NULL,NULL,NULL,NULL,NULL,0,'','2011-01-18 03:44:50','2011-01-18 03:44:50'),
	(724,25,33,1,'40','20',NULL,NULL,2,0,2,0,'','2','2',NULL,NULL,NULL,NULL,NULL,NULL,NULL,NULL,NULL,NULL,0,'','2011-01-18 03:47:21','2011-01-18 03:47:21'),
	(725,25,33,1,'12','118',NULL,NULL,1,0,1,0,'','2','2',NULL,NULL,NULL,NULL,NULL,NULL,NULL,NULL,NULL,NULL,0,'','2011-01-18 03:47:59','2011-01-18 03:47:59'),
	(726,25,33,1,'64.8','29',NULL,NULL,2,0,2,0,'','2','2',NULL,NULL,NULL,NULL,NULL,NULL,NULL,NULL,NULL,NULL,0,'','2011-01-18 03:48:25','2011-01-18 03:48:25'),
	(727,25,33,1,'199','80',NULL,NULL,1,0,1,0,'','2','2',NULL,NULL,NULL,NULL,NULL,NULL,NULL,NULL,NULL,NULL,0,'','2011-01-18 03:48:57','2011-01-18 03:48:57'),
	(728,25,33,1,'194.5','90',NULL,NULL,1,0,1,0,'洞','2','2',NULL,NULL,NULL,NULL,NULL,NULL,NULL,NULL,NULL,NULL,0,'','2011-01-18 03:50:11','2011-01-18 03:50:11'),
	(729,32,21,1,'56','43',NULL,NULL,2,0,2,0,'','2','2',NULL,NULL,NULL,NULL,NULL,NULL,NULL,NULL,NULL,NULL,0,'','2011-01-18 03:56:15','2011-01-18 03:56:15'),
	(730,26,21,1,'148','60',NULL,NULL,1,0,1,0,'','2','2',NULL,NULL,NULL,NULL,NULL,NULL,NULL,NULL,NULL,NULL,0,'','2011-01-18 03:56:49','2011-01-18 03:56:49'),
	(731,25,69,1,'205.5','101',NULL,NULL,1,0,1,0,'4R角','2','2',NULL,NULL,NULL,NULL,NULL,NULL,NULL,NULL,NULL,NULL,0,'','2011-01-18 04:01:13','2011-01-18 04:01:13'),
	(732,25,69,1,'146.5','177.5',NULL,NULL,2,0,2,0,'','2','2',NULL,NULL,NULL,NULL,NULL,NULL,NULL,NULL,NULL,NULL,0,'','2011-01-18 04:01:56','2011-01-18 04:01:56'),
	(805,25,33,1,'241.5','59.2',NULL,NULL,1,0,1,0,'',NULL,NULL,NULL,NULL,NULL,NULL,NULL,NULL,NULL,NULL,NULL,NULL,0,'','2011-02-11 05:04:01','2011-02-11 05:04:01'),
	(806,25,21,1,'67.8','36.5',NULL,NULL,4,0,4,0,'','2','2',NULL,NULL,NULL,NULL,NULL,NULL,NULL,NULL,NULL,NULL,0,'','2011-02-11 06:54:16','2011-02-11 06:54:16'),
	(736,25,48,1,'190','41',NULL,NULL,1,0,1,0,'洞','1','1',NULL,NULL,NULL,NULL,NULL,NULL,NULL,NULL,NULL,NULL,0,'','2011-01-18 04:52:53','2011-01-18 04:52:53'),
	(737,25,48,1,'190','189','60',NULL,1,0,1,0,'洞','2','2',NULL,NULL,NULL,NULL,NULL,NULL,NULL,NULL,NULL,NULL,0,'','2011-01-18 04:54:29','2011-01-18 04:54:29'),
	(739,25,89,1,'190','34',NULL,NULL,1,0,1,0,'異形，洞','2','2',NULL,NULL,NULL,NULL,NULL,NULL,NULL,NULL,NULL,NULL,0,'','2011-01-18 05:03:34','2011-01-18 05:03:34'),
	(740,25,89,1,'189','65',NULL,NULL,1,0,1,0,'洞','2','2',NULL,NULL,NULL,NULL,NULL,NULL,NULL,NULL,NULL,NULL,0,'','2011-01-18 05:08:08','2011-01-18 05:08:08'),
	(741,25,89,1,'190','11',NULL,NULL,1,0,1,0,'','2','2',NULL,NULL,NULL,NULL,NULL,NULL,NULL,NULL,NULL,NULL,0,'','2011-01-18 05:06:40','2011-01-18 05:06:40'),
	(742,25,89,1,'190','93.5',NULL,NULL,1,0,1,0,'左下切角','2','2',NULL,NULL,NULL,NULL,NULL,NULL,NULL,NULL,NULL,NULL,0,'','2011-01-18 05:07:38','2011-01-18 05:07:38'),
	(743,25,89,1,'190','64.5',NULL,NULL,1,0,1,0,'洞','2','2',NULL,NULL,NULL,NULL,NULL,NULL,NULL,NULL,NULL,NULL,0,'','2011-01-18 05:08:56','2011-01-18 05:08:56'),
	(744,25,89,1,'83','192',NULL,NULL,1,0,1,0,'','2','2',NULL,NULL,NULL,NULL,NULL,NULL,NULL,NULL,NULL,NULL,0,'','2011-01-18 05:10:36','2011-01-18 05:10:36'),
	(745,25,89,1,'191','60',NULL,NULL,1,0,1,0,'洞','2','2',NULL,NULL,NULL,NULL,NULL,NULL,NULL,NULL,NULL,NULL,0,'','2011-01-18 05:12:26','2011-01-18 05:12:26'),
	(746,25,89,1,'192','25',NULL,NULL,1,0,1,0,'洞','2','2',NULL,NULL,NULL,NULL,NULL,NULL,NULL,NULL,NULL,NULL,0,'','2011-01-18 05:13:40','2011-01-18 05:13:40'),
	(747,25,89,1,'207','77',NULL,NULL,1,0,1,0,'','2','2',NULL,NULL,NULL,NULL,NULL,NULL,NULL,NULL,NULL,NULL,0,'','2011-01-18 05:14:08','2011-01-18 05:14:08'),
	(748,25,89,1,'207','44',NULL,NULL,1,0,1,0,'','2','2',NULL,NULL,NULL,NULL,NULL,NULL,NULL,NULL,NULL,NULL,0,'','2011-01-18 05:14:33','2011-01-18 05:14:33'),
	(749,25,89,1,'195','70.5',NULL,NULL,1,0,1,0,'洞','2','2',NULL,NULL,NULL,NULL,NULL,NULL,NULL,NULL,NULL,NULL,0,'','2011-01-18 05:15:02','2011-01-18 05:15:02'),
	(750,25,81,1,'178','79.7',NULL,NULL,1,0,1,0,'洞','2','2',NULL,NULL,NULL,NULL,NULL,NULL,NULL,NULL,NULL,NULL,0,'','2011-01-18 05:21:51','2011-01-18 05:21:51'),
	(751,26,81,1,'137.8','230.3',NULL,NULL,1,0,1,0,'',NULL,NULL,NULL,NULL,NULL,NULL,NULL,NULL,NULL,NULL,NULL,NULL,0,'','2011-01-18 05:30:11','2011-01-18 05:30:11'),
	(752,26,81,1,'44.5','230.5',NULL,NULL,1,0,1,0,'',NULL,NULL,NULL,NULL,NULL,NULL,NULL,NULL,NULL,NULL,NULL,NULL,0,'','2011-01-18 05:30:34','2011-01-18 05:30:34'),
	(753,26,81,1,'116','227',NULL,NULL,1,0,1,0,'','2',NULL,NULL,NULL,NULL,NULL,NULL,NULL,NULL,NULL,NULL,NULL,0,'','2011-01-18 05:32:00','2011-01-18 05:32:00'),
	(754,26,81,1,'150','151',NULL,NULL,1,0,1,0,'','2',NULL,NULL,NULL,NULL,NULL,NULL,NULL,NULL,NULL,NULL,NULL,0,'','2011-01-18 05:32:36','2011-01-18 05:32:36'),
	(755,26,81,1,'258.5','94.8',NULL,NULL,2,0,2,0,'洞','2','2',NULL,NULL,NULL,NULL,NULL,NULL,NULL,NULL,NULL,NULL,0,'','2011-01-18 05:35:43','2011-01-18 05:35:43'),
	(756,26,81,1,'90',NULL,NULL,NULL,1,0,1,0,'圓形','2','2',NULL,NULL,NULL,NULL,NULL,NULL,NULL,NULL,NULL,NULL,0,'','2011-01-18 05:39:19','2011-01-18 05:39:19'),
	(757,25,81,1,'194.5','12.8',NULL,NULL,1,0,1,0,'洞','2','',NULL,NULL,NULL,NULL,NULL,NULL,NULL,NULL,NULL,NULL,0,'','2011-01-18 05:40:51','2011-01-18 05:40:51'),
	(758,25,81,1,'191.5','88',NULL,NULL,1,0,1,0,'洞','2','2',NULL,NULL,NULL,NULL,NULL,NULL,NULL,NULL,NULL,NULL,0,'','2011-01-18 05:41:54','2011-01-18 05:41:54'),
	(807,26,39,1,'148','30',NULL,NULL,1,0,1,0,'A1 5cmR角*1','2','2',NULL,NULL,NULL,NULL,NULL,NULL,NULL,NULL,NULL,NULL,0,'','2011-02-11 06:56:57','2011-02-11 06:56:57'),
	(760,25,81,1,'197.2','61.1',NULL,NULL,1,0,1,0,'洞','2','2',NULL,NULL,NULL,'',NULL,NULL,NULL,NULL,NULL,NULL,0,'','2011-01-18 05:48:54','2011-01-18 05:48:54'),
	(761,25,81,1,'54.6','204.8',NULL,NULL,1,0,1,0,'','1','',NULL,NULL,NULL,'',NULL,NULL,NULL,NULL,NULL,NULL,0,'','2011-01-18 05:50:02','2011-01-18 05:50:02'),
	(764,60,21,1,'150','40',NULL,NULL,4,0,4,0,'不印字','2','2',NULL,'',NULL,'',NULL,NULL,NULL,NULL,NULL,NULL,0,'','2011-01-18 06:16:34','2011-01-18 06:16:34'),
	(765,25,33,1,'66.5','150',NULL,NULL,1,0,1,0,'','2','2',NULL,'',NULL,'',NULL,NULL,NULL,NULL,NULL,NULL,0,'','2011-01-18 06:23:12','2011-01-18 06:23:12'),
	(766,25,33,1,'145.5','76.5',NULL,NULL,1,0,1,0,'洞','2','2',NULL,'',NULL,'',NULL,NULL,NULL,NULL,NULL,NULL,0,'','2011-01-18 06:23:43','2011-01-18 06:23:43'),
	(768,25,33,1,'238','56',NULL,NULL,2,0,2,0,'洞','2','2',NULL,'',NULL,'',NULL,NULL,NULL,NULL,NULL,NULL,0,'','2011-01-18 06:27:41','2011-01-18 06:27:41'),
	(800,25,121,1,'56','55',NULL,NULL,1,0,1,0,'',NULL,NULL,NULL,NULL,NULL,NULL,NULL,NULL,NULL,NULL,NULL,NULL,0,'','2011-02-11 01:56:42','2011-02-11 01:56:42'),
	(769,25,34,1,'70','70',NULL,NULL,2,0,2,0,'角不尖','2','2',NULL,'',NULL,'',NULL,NULL,NULL,NULL,NULL,NULL,0,'','2011-01-18 07:18:55','2011-01-18 07:18:55'),
	(770,25,21,1,'59','46.6',NULL,NULL,1,0,1,0,'不印字，尺寸準','2','2',NULL,'',NULL,'',NULL,NULL,NULL,NULL,NULL,NULL,0,'','2011-01-18 07:32:39','2011-01-18 07:32:39'),
	(771,26,21,1,'115.8','19',NULL,NULL,1,0,1,0,'','2','2',NULL,'',NULL,'',NULL,NULL,NULL,NULL,NULL,NULL,0,'','2011-01-18 07:33:09','2011-01-18 07:33:09'),
	(772,26,33,1,'18.7','161.5',NULL,NULL,1,0,1,0,'','2','2',NULL,'',NULL,'',NULL,NULL,NULL,NULL,NULL,NULL,0,'','2011-01-18 07:50:28','2011-01-18 07:50:28'),
	(773,25,34,1,'61.4','91.2',NULL,NULL,2,0,2,0,'','','',NULL,'',NULL,'',NULL,NULL,NULL,NULL,NULL,NULL,0,'','2011-01-18 07:57:04','2011-01-18 07:57:04'),
	(774,26,18,1,'78.5','50',NULL,NULL,1,0,1,0,'10cmR角*2','2','2',NULL,'',NULL,'',NULL,NULL,NULL,NULL,NULL,NULL,0,'','2011-01-18 08:34:47','2011-01-18 08:34:47'),
	(775,26,18,1,'57','20',NULL,'40',2,0,2,0,'5cmR角*1','2','2',NULL,'',NULL,'',NULL,NULL,NULL,NULL,NULL,NULL,0,'','2011-01-18 08:35:54','2011-01-18 08:35:54'),
	(776,25,89,1,'194','65',NULL,NULL,1,0,1,0,'洞','','',NULL,'',NULL,'',NULL,NULL,NULL,NULL,NULL,NULL,0,'','2011-01-18 08:40:02','2011-01-18 08:40:02'),
	(777,25,89,1,'195','43',NULL,NULL,1,0,1,0,'','','',NULL,'',NULL,'',NULL,NULL,NULL,NULL,NULL,NULL,0,'','2011-01-18 08:40:09','2011-01-18 08:40:09'),
	(778,25,89,1,'194','65',NULL,NULL,1,0,1,0,'洞','2','2',NULL,'',NULL,'',NULL,NULL,NULL,NULL,NULL,NULL,0,'','2011-01-18 08:42:08','2011-01-18 08:42:08'),
	(779,25,89,1,'195','44.5',NULL,NULL,1,0,1,0,'','2','2',NULL,'',NULL,'',NULL,NULL,NULL,NULL,NULL,NULL,0,'','2011-01-18 08:42:14','2011-01-18 08:42:14'),
	(780,25,89,1,'191','36.5',NULL,NULL,1,0,1,0,'','','',NULL,'',NULL,'',NULL,NULL,NULL,NULL,NULL,NULL,0,'','2011-01-18 08:43:39','2011-01-18 08:43:39'),
	(781,25,89,1,'191','31.5',NULL,NULL,1,0,1,0,'','','',NULL,'',NULL,'',NULL,NULL,NULL,NULL,NULL,NULL,0,'','2011-01-18 08:44:03','2011-01-18 08:44:03'),
	(782,25,89,1,'191','158',NULL,NULL,1,0,1,0,'','','',NULL,'',NULL,'',NULL,NULL,NULL,NULL,NULL,NULL,0,'','2011-01-18 08:44:23','2011-01-18 08:44:23'),
	(783,25,89,1,'145.5','40.35',NULL,NULL,2,0,2,0,'洞','2','2',NULL,'',NULL,'',NULL,NULL,NULL,NULL,NULL,NULL,0,'','2011-01-18 08:54:27','2011-01-18 08:54:27'),
	(784,25,89,1,'81.2','36',NULL,NULL,4,0,4,0,'','2','2',NULL,'',NULL,'',NULL,NULL,NULL,NULL,NULL,NULL,0,'','2011-01-18 08:55:05','2011-01-18 08:55:05'),
	(785,25,89,1,'209','62',NULL,NULL,1,0,1,0,'洞','2','2',NULL,'',NULL,'',NULL,NULL,NULL,NULL,NULL,NULL,0,'','2011-01-18 08:56:05','2011-01-18 08:56:05'),
	(786,25,89,1,'210','69.2',NULL,NULL,1,0,1,0,'洞','2','2',NULL,'',NULL,'',NULL,NULL,NULL,NULL,NULL,NULL,0,'','2011-01-18 08:56:41','2011-01-18 08:56:41'),
	(787,25,67,1,'42.5','35.2',NULL,NULL,2,0,2,0,'','2','2',NULL,'',NULL,'',NULL,NULL,NULL,NULL,NULL,NULL,0,'','2011-01-18 08:58:24','2011-01-18 08:58:24'),
	(788,25,67,1,'24','46.8',NULL,NULL,5,0,5,0,'','2','2',NULL,'',NULL,'',NULL,NULL,NULL,NULL,NULL,NULL,0,'','2011-01-18 08:58:49','2011-01-18 08:58:49'),
	(789,25,67,1,'23.5','49.3',NULL,NULL,5,0,5,0,'','2','2',NULL,'',NULL,'',NULL,NULL,NULL,NULL,NULL,NULL,0,'','2011-01-18 08:59:36','2011-01-18 08:59:36'),
	(808,26,39,1,'29','29',NULL,NULL,2,0,2,0,'A2','2','2',NULL,NULL,NULL,NULL,NULL,NULL,NULL,NULL,NULL,NULL,0,'','2011-02-11 06:56:47','2011-02-11 06:56:47'),
	(792,25,67,1,'211.3','58.8',NULL,NULL,1,0,1,0,'','','',NULL,'',NULL,'',NULL,NULL,NULL,NULL,NULL,NULL,0,'','2011-01-18 09:02:59','2011-01-18 09:02:59'),
	(793,26,117,1,'214','133.5',NULL,NULL,1,0,1,0,'','2','',NULL,'',NULL,'',NULL,NULL,NULL,NULL,NULL,NULL,0,'','2011-01-18 09:47:09','2011-01-18 09:47:09'),
	(794,26,118,1,'189.5','139.5',NULL,NULL,1,0,1,0,'','2','',NULL,'',NULL,'',NULL,NULL,NULL,NULL,NULL,NULL,0,'','2011-01-18 09:48:45','2011-01-18 09:48:45'),
	(798,25,27,1,'180','42.5',NULL,NULL,1,0,1,0,'4R角','2','2',NULL,NULL,NULL,NULL,NULL,NULL,NULL,NULL,NULL,NULL,0,'','2011-02-11 00:56:47','2011-02-11 00:56:47'),
	(799,25,120,1,'203','55',NULL,NULL,2,0,2,0,'洞','2','2',NULL,NULL,NULL,NULL,NULL,NULL,NULL,NULL,NULL,NULL,0,'','2011-02-11 01:56:17','2011-02-11 01:56:17'),
	(795,25,69,1,'177.9','88.3',NULL,NULL,4,0,4,0,'','','','','',NULL,'',NULL,NULL,NULL,NULL,NULL,NULL,0,'','2011-01-18 11:11:35','2011-01-18 11:11:35'),
	(796,25,69,1,'88','48.4',NULL,NULL,7,0,7,0,'','','','','',NULL,'',NULL,NULL,NULL,NULL,NULL,NULL,0,'','2011-01-18 11:12:03','2011-01-18 11:12:03'),
	(802,25,120,1,'100','55',NULL,NULL,1,0,1,0,'5圓角*1',NULL,NULL,NULL,NULL,NULL,NULL,NULL,NULL,NULL,NULL,NULL,NULL,0,'','2011-02-11 01:57:58','2011-02-11 01:57:58'),
	(801,25,120,1,'55','52.5',NULL,NULL,2,0,2,0,'',NULL,NULL,NULL,NULL,NULL,NULL,NULL,NULL,NULL,NULL,NULL,NULL,0,'','2011-02-11 01:57:17','2011-02-11 01:57:17'),
	(797,25,67,1,'48.3','20.2',NULL,NULL,5,0,5,0,'','2','2','','',NULL,'',NULL,NULL,NULL,NULL,NULL,NULL,0,'','2011-01-18 11:48:23','2011-01-18 11:48:23'),
	(809,26,39,1,'133','29',NULL,NULL,1,0,1,0,'A3','2','2',NULL,NULL,NULL,NULL,NULL,NULL,NULL,NULL,NULL,NULL,0,'','2011-02-11 06:56:38','2011-02-11 06:56:38'),
	(810,26,39,1,'29','47',NULL,NULL,1,0,1,0,'A4 5cmR*1','2','2',NULL,NULL,NULL,NULL,NULL,NULL,NULL,NULL,NULL,NULL,0,'','2011-02-11 06:57:36','2011-02-11 06:57:36'),
	(811,25,15,1,'97','20',NULL,NULL,1,0,1,0,'','2','2',NULL,NULL,NULL,NULL,NULL,NULL,NULL,NULL,NULL,NULL,0,'','2011-02-11 07:18:50','2011-02-11 07:18:50'),
	(812,25,15,1,'253','40',NULL,NULL,1,0,1,0,'洞','2','2',NULL,NULL,NULL,NULL,NULL,NULL,NULL,NULL,NULL,NULL,0,'','2011-02-11 07:20:28','2011-02-11 07:20:28'),
	(813,25,15,1,'154.2','40',NULL,NULL,1,0,1,0,'洞，15cmR角*1','2','2',NULL,NULL,NULL,NULL,NULL,NULL,NULL,NULL,NULL,NULL,0,'','2011-02-11 07:21:19','2011-02-11 07:21:19'),
	(814,25,15,1,'178.4','76.7',NULL,NULL,1,0,1,0,'米老鼠洞*2 洞*2','1',NULL,NULL,NULL,NULL,NULL,NULL,NULL,NULL,NULL,NULL,NULL,0,'','2011-02-11 07:23:07','2011-02-11 07:23:07'),
	(815,25,15,1,'195.4','66',NULL,NULL,1,0,1,0,'','1',NULL,NULL,NULL,NULL,NULL,NULL,NULL,NULL,NULL,NULL,NULL,0,'','2011-02-11 07:23:40','2011-02-11 07:23:40'),
	(816,25,15,1,'177.7','70',NULL,NULL,1,0,1,0,'洞*6','2','2',NULL,NULL,NULL,NULL,NULL,NULL,NULL,NULL,NULL,NULL,0,'','2011-02-11 07:24:21','2011-02-11 07:24:21'),
	(817,25,15,1,'176.7','70',NULL,NULL,1,0,1,0,'洞*6','2','2',NULL,NULL,NULL,NULL,NULL,NULL,NULL,NULL,NULL,NULL,0,'','2011-02-11 07:24:54','2011-02-11 07:24:54'),
	(818,25,15,1,'165','20',NULL,NULL,1,0,1,0,'10cmR*1','2','2',NULL,NULL,NULL,NULL,NULL,NULL,NULL,NULL,NULL,NULL,0,'','2011-02-11 07:27:17','2011-02-11 07:27:17'),
	(819,25,15,1,'170','59.2',NULL,NULL,1,0,1,0,'異形',NULL,NULL,NULL,NULL,NULL,NULL,NULL,'2','2',NULL,NULL,NULL,0,'','2011-02-11 07:28:56','2011-02-11 07:28:56'),
	(820,25,15,1,'39.4','13',NULL,NULL,2,0,2,0,'小圓角*1','2','2',NULL,NULL,NULL,NULL,NULL,NULL,NULL,NULL,NULL,NULL,0,'','2011-02-11 07:30:13','2011-02-11 07:30:13'),
	(821,25,21,1,'190','32.5',NULL,NULL,1,0,1,0,'洞*6','2','2',NULL,NULL,NULL,NULL,NULL,NULL,NULL,NULL,NULL,NULL,0,'','2011-02-11 07:50:27','2011-02-11 07:50:27'),
	(822,25,21,1,'190','10',NULL,NULL,1,0,1,0,'切角','2','2',NULL,NULL,NULL,NULL,NULL,NULL,NULL,NULL,NULL,NULL,0,'','2011-02-11 07:50:46','2011-02-11 07:50:46'),
	(823,25,21,1,'146.5','86',NULL,NULL,1,0,1,0,'','2','2',NULL,NULL,NULL,NULL,NULL,NULL,NULL,NULL,NULL,NULL,0,'','2011-02-11 07:50:55','2011-02-11 07:50:55'),
	(824,36,21,1,'120','80',NULL,NULL,1,0,1,0,'橢圓',NULL,NULL,NULL,NULL,NULL,NULL,NULL,'2','2',NULL,NULL,NULL,0,'','2011-02-11 07:51:42','2011-02-11 07:51:42'),
	(825,26,101,1,'156.7','70',NULL,NULL,1,0,1,0,'洞*6',NULL,NULL,NULL,NULL,NULL,NULL,NULL,'2','2',NULL,NULL,NULL,0,'','2011-02-11 08:37:10','2011-02-11 08:37:10'),
	(826,25,101,1,'59','22.4',NULL,NULL,2,0,2,0,'','2','2',NULL,NULL,NULL,NULL,NULL,NULL,NULL,NULL,NULL,NULL,0,'','2011-02-11 08:37:41','2011-02-11 08:37:41'),
	(827,25,15,1,'150','6',NULL,NULL,1,0,1,0,'','2',NULL,NULL,NULL,NULL,NULL,NULL,NULL,NULL,NULL,NULL,NULL,0,'','2011-02-11 08:38:22','2011-02-11 08:38:22'),
	(828,25,15,1,'120','6',NULL,NULL,1,0,1,0,'','2',NULL,NULL,NULL,NULL,NULL,NULL,NULL,NULL,NULL,NULL,NULL,0,'','2011-02-11 08:38:35','2011-02-11 08:38:35'),
	(830,25,15,1,'210','6',NULL,NULL,1,0,1,0,'','2',NULL,NULL,NULL,NULL,NULL,NULL,NULL,NULL,NULL,NULL,NULL,0,'','2011-02-11 08:41:05','2011-02-11 08:41:05'),
	(831,25,68,1,'60','60',NULL,NULL,1,0,1,0,'圓',NULL,NULL,NULL,NULL,NULL,NULL,NULL,'2','2',NULL,NULL,NULL,0,'','2011-02-11 08:41:54','2011-02-11 08:41:54'),
	(832,26,43,1,'240','111',NULL,NULL,1,0,1,0,'','2',NULL,NULL,NULL,NULL,NULL,NULL,NULL,NULL,NULL,NULL,NULL,0,'','2011-02-11 08:47:21','2011-02-11 08:47:21'),
	(833,26,122,1,'172',NULL,'267','265',1,0,1,0,'','2',NULL,NULL,NULL,NULL,NULL,NULL,NULL,NULL,NULL,NULL,NULL,0,'','2011-02-14 00:53:51','2011-02-14 00:53:51'),
	(835,26,123,1,'128',NULL,'267','264.25',1,0,1,0,'','2',NULL,NULL,NULL,NULL,NULL,NULL,NULL,NULL,NULL,NULL,NULL,0,'','2011-02-14 00:56:39','2011-02-14 00:56:39'),
	(836,26,123,1,'128',NULL,'264.25','261.5',1,0,1,0,'','2',NULL,NULL,NULL,NULL,NULL,NULL,NULL,NULL,NULL,NULL,NULL,0,'','2011-02-14 00:57:06','2011-02-14 00:57:06'),
	(837,26,123,1,'261.5','40',NULL,NULL,1,0,1,0,'洞',NULL,NULL,NULL,NULL,NULL,NULL,NULL,NULL,NULL,NULL,NULL,NULL,0,'','2011-02-14 00:59:07','2011-02-14 00:59:07'),
	(838,26,123,1,'238.5','79',NULL,NULL,1,0,1,0,'洞','2','2',NULL,NULL,NULL,NULL,NULL,NULL,NULL,NULL,NULL,NULL,0,'','2011-02-14 01:00:33','2011-02-14 01:00:33'),
	(839,26,123,1,'79.5','25.5',NULL,NULL,1,0,0,0,'洞','2','2',NULL,NULL,NULL,NULL,NULL,NULL,NULL,NULL,NULL,NULL,0,'','2011-02-14 01:01:13','2011-02-14 01:01:13'),
	(840,26,123,1,'261.5','106',NULL,NULL,1,0,1,0,'洞','2',NULL,NULL,NULL,NULL,NULL,NULL,NULL,NULL,NULL,NULL,NULL,0,'','2011-02-14 01:03:22','2011-02-14 01:03:22'),
	(841,26,123,1,'261.5','106',NULL,NULL,1,1,1,0,'','2',NULL,NULL,NULL,NULL,NULL,NULL,NULL,NULL,NULL,NULL,NULL,0,'','2011-02-14 01:02:02','2011-02-14 01:02:02'),
	(842,26,123,1,'250','92.1',NULL,NULL,1,0,1,0,'切角，洞','1','1',NULL,NULL,NULL,NULL,NULL,NULL,NULL,NULL,NULL,NULL,0,'','2011-02-14 01:05:05','2011-02-14 01:05:05'),
	(843,26,123,1,'225','70',NULL,NULL,1,0,1,0,'洞','2','2',NULL,NULL,NULL,NULL,NULL,NULL,NULL,NULL,NULL,NULL,0,'','2011-02-14 01:05:47','2011-02-14 01:05:47'),
	(844,26,123,1,'250','10',NULL,NULL,1,0,0,0,'洞 急','1','1',NULL,NULL,NULL,NULL,NULL,NULL,NULL,NULL,NULL,NULL,0,'','2011-02-14 01:10:54','2011-02-14 01:10:54'),
	(845,26,123,1,'250','199.5',NULL,NULL,1,0,1,0,'切角 洞 急','1','1',NULL,NULL,NULL,NULL,NULL,NULL,NULL,NULL,NULL,NULL,0,'','2011-02-14 01:07:28','2011-02-14 01:07:28'),
	(846,26,123,1,'250','10',NULL,NULL,1,0,0,0,'洞','2','1',NULL,NULL,NULL,NULL,NULL,NULL,NULL,NULL,NULL,NULL,0,'','2011-02-14 01:08:08','2011-02-14 01:08:08'),
	(847,26,123,1,'225','70',NULL,NULL,1,0,1,0,'洞 急','2','2',NULL,NULL,NULL,NULL,NULL,NULL,NULL,NULL,NULL,NULL,0,'','2011-02-14 01:08:35','2011-02-14 01:08:35'),
	(848,26,123,1,'250','37.9',NULL,NULL,1,0,1,0,'洞 急','2','1',NULL,NULL,NULL,NULL,NULL,NULL,NULL,NULL,NULL,NULL,0,'','2011-02-14 01:09:07','2011-02-14 01:09:07'),
	(849,26,123,1,'225','70',NULL,NULL,1,0,1,0,'洞 急','2','2',NULL,NULL,NULL,NULL,NULL,NULL,NULL,NULL,NULL,NULL,0,'','2011-02-14 01:09:39','2011-02-14 01:09:39'),
	(850,26,123,1,'250','10',NULL,NULL,1,0,0,0,'洞 急','1','1',NULL,NULL,NULL,NULL,NULL,NULL,NULL,NULL,NULL,NULL,0,'','2011-02-14 01:10:04','2011-02-14 01:10:04'),
	(853,25,42,1,'43.5','43','38.5',NULL,2,0,0,0,'',NULL,'2',NULL,NULL,NULL,NULL,NULL,NULL,NULL,NULL,NULL,NULL,0,'','2011-02-14 01:18:58','2011-02-14 01:18:58'),
	(854,25,42,1,'132.3','16',NULL,NULL,6,0,0,0,'','2','2',NULL,NULL,NULL,NULL,NULL,NULL,NULL,NULL,NULL,NULL,0,'','2011-02-14 01:19:26','2011-02-14 01:19:26'),
	(855,25,42,1,'16.8','16',NULL,NULL,6,0,0,0,'','2','2',NULL,NULL,NULL,NULL,NULL,NULL,NULL,NULL,NULL,NULL,0,'','2011-02-14 01:19:56','2011-02-14 01:19:56'),
	(856,26,124,1,'206','160',NULL,NULL,1,0,0,0,'','2',NULL,NULL,NULL,NULL,NULL,NULL,NULL,NULL,NULL,NULL,NULL,0,'','2011-02-14 01:23:11','2011-02-14 01:23:11'),
	(857,25,114,2,'44.45','80.4',NULL,NULL,3,0,0,0,'',NULL,NULL,NULL,NULL,NULL,NULL,NULL,NULL,NULL,NULL,NULL,NULL,0,'','2011-02-14 02:24:43','2011-02-14 02:24:43'),
	(858,35,114,2,'43.2','161',NULL,NULL,2,0,0,0,'',NULL,'1',NULL,NULL,NULL,NULL,NULL,NULL,NULL,NULL,NULL,NULL,0,'','2011-02-14 02:25:41','2011-02-14 02:25:41'),
	(859,26,24,1,'123.3','227',NULL,NULL,3,0,0,0,'','2',NULL,NULL,NULL,NULL,NULL,NULL,NULL,NULL,NULL,NULL,NULL,0,'','2011-02-14 02:27:40','2011-02-14 02:27:40'),
	(860,26,24,1,'226.7','109.5',NULL,NULL,3,0,1,0,'','2',NULL,NULL,NULL,NULL,NULL,NULL,NULL,NULL,NULL,NULL,NULL,0,'','2011-02-14 02:28:04','2011-02-14 02:28:04'),
	(861,26,24,1,'134.4','227',NULL,NULL,2,0,2,0,'','2',NULL,NULL,NULL,NULL,NULL,NULL,NULL,NULL,NULL,NULL,NULL,0,'','2011-02-14 02:28:33','2011-02-14 02:28:33'),
	(862,26,24,1,'119.6','226.7',NULL,NULL,2,0,0,0,'','2',NULL,NULL,NULL,NULL,NULL,NULL,NULL,NULL,NULL,NULL,NULL,0,'','2011-02-14 02:29:06','2011-02-14 02:29:06'),
	(864,26,24,1,'124.8','125.9','226.7',NULL,1,0,0,0,'','2',NULL,NULL,NULL,NULL,NULL,NULL,NULL,NULL,NULL,NULL,NULL,0,'','2011-02-14 02:30:59','2011-02-14 02:30:59'),
	(865,25,24,1,'84.6','26.3',NULL,NULL,1,0,0,0,'',NULL,NULL,NULL,NULL,NULL,NULL,NULL,NULL,NULL,NULL,NULL,NULL,0,'','2011-02-14 02:33:53','2011-02-14 02:33:53'),
	(866,25,24,1,'84.6','25.8',NULL,NULL,1,0,0,0,'',NULL,NULL,NULL,NULL,NULL,NULL,NULL,NULL,NULL,NULL,NULL,NULL,0,'','2011-02-14 02:34:20','2011-02-14 02:34:20'),
	(867,25,24,1,'84.6','25.3',NULL,NULL,1,0,0,0,'',NULL,NULL,NULL,NULL,NULL,NULL,NULL,NULL,NULL,NULL,NULL,NULL,0,'','2011-02-14 02:34:55','2011-02-14 02:34:55'),
	(868,26,24,1,'120.8','31.8',NULL,NULL,1,0,0,0,'切角','2','2',NULL,NULL,NULL,NULL,NULL,NULL,NULL,NULL,NULL,NULL,0,'','2011-02-14 02:35:43','2011-02-14 02:35:43'),
	(869,26,24,1,'31.8','52.5',NULL,NULL,1,0,0,0,'','2','2',NULL,NULL,NULL,NULL,NULL,NULL,NULL,NULL,NULL,NULL,0,'','2011-02-14 02:39:44','2011-02-14 02:39:44'),
	(870,26,24,1,'181.5','21.8',NULL,NULL,1,0,0,0,'切角','2','2',NULL,NULL,NULL,NULL,NULL,NULL,NULL,NULL,NULL,NULL,0,'','2011-02-14 02:40:19','2011-02-14 02:40:19'),
	(871,26,24,1,'58','9.5',NULL,NULL,1,0,0,0,'','2','2',NULL,NULL,NULL,NULL,NULL,NULL,NULL,NULL,NULL,NULL,0,'','2011-02-14 02:40:59','2011-02-14 02:40:59'),
	(872,26,24,1,'109.6','9.7',NULL,NULL,1,0,0,0,'','2','2',NULL,NULL,NULL,NULL,NULL,NULL,NULL,NULL,NULL,NULL,0,'','2011-02-14 02:41:16','2011-02-14 02:41:16'),
	(873,26,24,1,'14.2','58',NULL,NULL,1,0,0,0,'切角','2','2',NULL,NULL,NULL,NULL,NULL,NULL,NULL,NULL,NULL,NULL,0,'','2011-02-14 02:41:51','2011-02-14 02:41:51'),
	(874,25,38,1,'82.2','209',NULL,NULL,1,0,0,0,'',NULL,'1',NULL,NULL,NULL,NULL,NULL,NULL,NULL,NULL,NULL,NULL,0,'','2011-02-14 02:52:31','2011-02-14 02:52:31'),
	(875,25,38,1,'192.2','53.6',NULL,NULL,1,0,0,0,'',NULL,'1',NULL,NULL,NULL,NULL,NULL,NULL,NULL,NULL,NULL,NULL,0,'','2011-02-14 02:52:42','2011-02-14 02:52:42'),
	(876,25,38,1,'191','65',NULL,NULL,1,0,0,0,'洞',NULL,'1',NULL,NULL,NULL,NULL,NULL,NULL,NULL,NULL,NULL,NULL,0,'','2011-02-14 02:53:04','2011-02-14 02:53:04'),
	(877,25,38,1,'192.2','81.7',NULL,NULL,1,0,0,0,'洞','1','1',NULL,NULL,NULL,NULL,NULL,NULL,NULL,NULL,NULL,NULL,0,'','2011-02-14 02:53:12','2011-02-14 02:53:12'),
	(878,25,38,1,'192.2','62.6',NULL,NULL,1,0,0,0,'',NULL,'1',NULL,NULL,NULL,NULL,NULL,NULL,NULL,NULL,NULL,NULL,0,'','2011-02-14 02:54:02','2011-02-14 02:54:02'),
	(879,25,38,1,'191','60.2',NULL,NULL,1,0,0,0,'洞','1','1',NULL,NULL,NULL,NULL,NULL,NULL,NULL,NULL,NULL,NULL,0,'','2011-02-14 02:54:39','2011-02-14 02:54:39'),
	(880,25,38,1,'192.2','63',NULL,NULL,1,0,0,0,'洞','1','1',NULL,NULL,NULL,NULL,NULL,NULL,NULL,NULL,NULL,NULL,0,'','2011-02-14 02:55:13','2011-02-14 02:55:13'),
	(881,26,122,1,'262','40',NULL,NULL,1,0,0,0,'洞 4-4','2',NULL,NULL,NULL,NULL,NULL,NULL,NULL,NULL,NULL,NULL,NULL,0,'','2011-02-14 03:07:24','2011-02-14 03:07:24'),
	(882,26,122,1,'79.5','26',NULL,NULL,1,0,0,0,'洞 4-2','2','2',NULL,NULL,NULL,NULL,NULL,NULL,NULL,NULL,NULL,NULL,0,'','2011-02-14 03:08:00','2011-02-14 03:08:00'),
	(883,26,122,1,'238.5','79',NULL,NULL,1,0,0,0,'洞 4-3','2','2',NULL,NULL,NULL,NULL,NULL,NULL,NULL,NULL,NULL,NULL,0,'','2011-02-14 03:09:38','2011-02-14 03:09:38'),
	(884,26,122,1,'262','128',NULL,NULL,1,0,0,0,'洞 4-1','2',NULL,NULL,NULL,NULL,NULL,NULL,NULL,NULL,NULL,NULL,NULL,0,'','2011-02-14 03:12:27','2011-02-14 03:12:27'),
	(886,26,122,1,'262','128',NULL,NULL,2,0,2,0,'4-1','2',NULL,NULL,NULL,NULL,NULL,NULL,NULL,NULL,NULL,NULL,NULL,0,'','2011-02-14 03:13:13','2011-02-14 03:13:13'),
	(887,26,122,1,'262','158',NULL,NULL,2,0,2,0,'4-4','2',NULL,NULL,NULL,NULL,NULL,NULL,NULL,NULL,NULL,NULL,NULL,0,'','2011-02-14 03:16:58','2011-02-14 03:16:58'),
	(888,26,122,1,'260','40',NULL,NULL,1,0,0,0,'洞 3-1','2',NULL,NULL,NULL,NULL,NULL,NULL,NULL,NULL,NULL,NULL,NULL,0,'','2011-02-14 03:16:31','2011-02-14 03:16:31'),
	(889,26,122,1,'79.5','23.5',NULL,NULL,1,0,0,0,'洞 3-2','2','2',NULL,NULL,NULL,NULL,NULL,NULL,NULL,NULL,NULL,NULL,0,'','2011-02-14 03:18:08','2011-02-14 03:18:08'),
	(890,26,122,1,'238.5','79',NULL,NULL,1,0,0,0,' 洞 3-3','2','2',NULL,NULL,NULL,NULL,NULL,NULL,NULL,NULL,NULL,NULL,0,'','2011-02-14 03:19:04','2011-02-14 03:19:04'),
	(891,26,122,1,'260.5','128.3',NULL,NULL,1,0,0,0,'洞 3-4','2',NULL,NULL,NULL,NULL,NULL,NULL,NULL,NULL,NULL,NULL,NULL,0,'','2011-02-14 03:22:16','2011-02-14 03:22:16'),
	(892,26,122,1,'260.5','128.3',NULL,NULL,2,0,2,0,'3-5','2',NULL,NULL,NULL,NULL,NULL,NULL,NULL,NULL,NULL,NULL,NULL,0,'','2011-02-14 03:22:07','2011-02-14 03:22:07'),
	(893,26,122,1,'157.5','260',NULL,NULL,2,0,2,0,'','2',NULL,NULL,NULL,NULL,NULL,NULL,NULL,NULL,NULL,NULL,NULL,0,'','2011-02-14 03:24:09','2011-02-14 03:24:09'),
	(894,26,122,1,'261','39.7',NULL,NULL,1,0,0,0,'5-5 洞','2',NULL,NULL,NULL,NULL,NULL,NULL,NULL,NULL,NULL,NULL,NULL,0,'','2011-02-14 03:27:31','2011-02-14 03:27:31'),
	(895,26,122,1,'79.5','25',NULL,NULL,1,0,0,0,'5-7 洞','2','2',NULL,NULL,NULL,NULL,NULL,NULL,NULL,NULL,NULL,NULL,0,'','2011-02-14 03:28:42','2011-02-14 03:28:42'),
	(896,26,122,1,'238.5','79',NULL,NULL,1,0,0,0,'5-4 洞','2','2',NULL,NULL,NULL,NULL,NULL,NULL,NULL,NULL,NULL,NULL,0,'','2011-02-14 03:30:36','2011-02-14 03:30:36'),
	(897,26,122,1,'127.3','261',NULL,NULL,1,0,0,0,'洞 5-1','2','2',NULL,NULL,NULL,NULL,NULL,NULL,NULL,NULL,NULL,NULL,0,'','2011-02-14 03:32:02','2011-02-14 03:32:02'),
	(898,26,122,1,'127.3','261',NULL,NULL,2,0,0,0,'5-2    5-3','2',NULL,NULL,NULL,NULL,NULL,NULL,NULL,NULL,NULL,NULL,NULL,0,'','2011-02-14 03:33:37','2011-02-14 03:33:37'),
	(899,26,122,1,'261','159',NULL,NULL,2,0,2,0,'5-6','2',NULL,NULL,NULL,NULL,NULL,NULL,NULL,NULL,NULL,NULL,NULL,0,'','2011-02-14 03:34:09','2011-02-14 03:34:09'),
	(900,25,64,1,'79','78.6','216.7',NULL,1,0,0,0,'',NULL,'1',NULL,NULL,NULL,NULL,NULL,NULL,NULL,NULL,NULL,NULL,0,'','2011-02-14 04:04:09','2011-02-14 04:04:09'),
	(901,25,21,1,'114.5','34.2',NULL,NULL,1,0,0,0,'','2','2',NULL,NULL,NULL,NULL,NULL,NULL,NULL,NULL,NULL,NULL,0,'','2011-02-14 06:02:21','2011-02-14 06:02:21'),
	(902,25,21,1,'114.5','35',NULL,NULL,1,0,0,0,'','2','2',NULL,NULL,NULL,NULL,NULL,NULL,NULL,NULL,NULL,NULL,0,'','2011-02-14 06:02:40','2011-02-14 06:02:40'),
	(903,25,21,1,'114.5','33.7',NULL,NULL,1,0,0,0,'','2','2',NULL,NULL,NULL,NULL,NULL,NULL,NULL,NULL,NULL,NULL,0,'','2011-02-14 06:02:56','2011-02-14 06:02:56'),
	(904,25,21,1,'114.5','33.5',NULL,NULL,1,0,0,0,'','2','2',NULL,NULL,NULL,NULL,NULL,NULL,NULL,NULL,NULL,NULL,0,'','2011-02-14 06:03:23','2011-02-14 06:03:23'),
	(905,25,21,1,'114.4','46.5',NULL,NULL,2,0,0,0,'','2','2',NULL,NULL,NULL,NULL,NULL,NULL,NULL,NULL,NULL,NULL,0,'','2011-02-14 06:03:44','2011-02-14 06:03:44'),
	(906,25,21,1,'201.2','65.8',NULL,NULL,1,0,0,0,'','2','2',NULL,NULL,NULL,NULL,NULL,NULL,NULL,NULL,NULL,NULL,0,'','2011-02-14 06:04:01','2011-02-14 06:04:01'),
	(907,25,21,1,'73.2','28',NULL,NULL,9,0,0,0,'','2','2',NULL,NULL,NULL,NULL,NULL,NULL,NULL,NULL,NULL,NULL,0,'','2011-02-14 06:04:20','2011-02-14 06:04:20'),
	(908,32,21,1,'139','91',NULL,NULL,1,0,0,0,'洞','2','2',NULL,NULL,NULL,NULL,NULL,NULL,NULL,NULL,NULL,NULL,0,'','2011-02-14 06:11:06','2011-02-14 06:11:06'),
	(909,26,15,1,'228.3','89',NULL,NULL,1,0,1,0,'洞','2','2',NULL,NULL,NULL,NULL,NULL,NULL,NULL,NULL,NULL,NULL,0,'','2011-02-14 06:14:06','2011-02-14 06:14:06'),
	(910,25,125,3,'1.645','1.14',NULL,NULL,4,0,0,0,'','2','2',NULL,NULL,NULL,NULL,NULL,NULL,NULL,NULL,NULL,NULL,0,'','2011-02-14 06:15:48','2011-02-14 06:15:48'),
	(911,25,68,1,'170','50',NULL,NULL,1,0,0,0,'4小角 急','2','2',NULL,NULL,NULL,NULL,NULL,NULL,NULL,NULL,NULL,NULL,0,'','2011-02-14 06:17:46','2011-02-14 06:17:46'),
	(912,25,15,1,'218','32',NULL,NULL,1,0,0,0,'',NULL,NULL,NULL,NULL,NULL,NULL,NULL,NULL,NULL,NULL,NULL,NULL,0,'','2011-02-14 06:18:18','2011-02-14 06:18:18'),
	(913,25,15,1,'177.7','8',NULL,NULL,1,0,0,0,'','2','2',NULL,NULL,NULL,NULL,NULL,NULL,NULL,NULL,NULL,NULL,0,'','2011-02-14 06:18:31','2011-02-14 06:18:31'),
	(914,25,126,1,'66.4','73',NULL,NULL,1,0,0,0,'',NULL,NULL,NULL,NULL,NULL,NULL,NULL,NULL,NULL,NULL,NULL,NULL,0,'','2011-02-14 06:18:58','2011-02-14 06:18:58'),
	(915,25,127,1,'192.7','69.3',NULL,NULL,1,0,0,0,'洞','2','2',NULL,NULL,NULL,NULL,NULL,NULL,NULL,NULL,NULL,NULL,1,'','2011-02-22 14:58:51','2011-02-22 14:58:51'),
	(916,25,128,1,'28.8','177.7',NULL,NULL,1,0,0,0,'切角','2','2',NULL,NULL,NULL,NULL,NULL,NULL,NULL,NULL,NULL,NULL,0,'','2011-02-14 06:20:17','2011-02-14 06:20:17');

/*!40000 ALTER TABLE `orders` ENABLE KEYS */;
UNLOCK TABLES;


# Dump of table products
# ------------------------------------------------------------

DROP TABLE IF EXISTS `products`;

CREATE TABLE `products` (
  `id` int(11) NOT NULL AUTO_INCREMENT,
  `name` varchar(255) DEFAULT NULL,
  `created` datetime DEFAULT NULL,
  `modified` datetime DEFAULT NULL,
  `status` int(1) DEFAULT '1',
  PRIMARY KEY (`id`)
) ENGINE=MyISAM AUTO_INCREMENT=61 DEFAULT CHARSET=utf8;

LOCK TABLES `products` WRITE;
/*!40000 ALTER TABLE `products` DISABLE KEYS */;
INSERT INTO `products` (`id`,`name`,`created`,`modified`,`status`)
VALUES
	(1,'3光','2010-12-20 02:21:00','2010-12-21 02:37:31',1),
	(28,'15光','2010-12-21 02:38:16','2010-12-21 02:38:16',1),
	(27,'12光','2010-12-21 02:38:10','2010-12-21 02:38:10',1),
	(26,'10光','2010-12-21 02:38:06','2010-12-21 02:38:06',1),
	(25,'8光','2010-12-21 02:37:59','2010-12-21 02:37:59',1),
	(22,'5光','2010-12-20 00:00:00','2010-12-21 02:37:38',1),
	(24,'6光','0000-00-00 00:00:00','2010-12-21 02:37:43',1),
	(29,'19光','2010-12-21 02:38:24','2010-12-21 02:38:24',1),
	(30,'5深灰(黑)','2010-12-21 02:38:44','2010-12-21 02:38:44',1),
	(31,'5淺灰','2010-12-21 02:38:52','2010-12-21 02:38:52',1),
	(32,'8灰','2010-12-21 02:38:59','2010-12-21 02:38:59',1),
	(33,'10灰','2010-12-21 02:39:06','2010-12-21 02:39:06',1),
	(34,'5茶','2010-12-21 02:39:59','2010-12-21 02:39:59',1),
	(35,'8茶','2010-12-21 02:40:05','2010-12-21 02:40:05',1),
	(36,'10茶','2010-12-21 02:40:12','2010-12-21 02:40:26',1),
	(37,'5綠','2010-12-21 02:40:22','2010-12-21 02:40:22',1),
	(38,'8綠','2010-12-21 02:40:38','2010-12-21 02:40:38',1),
	(39,'10綠','2010-12-21 02:40:43','2010-12-21 02:40:43',1),
	(40,'5綠半反','2010-12-21 02:40:53','2010-12-21 02:40:53',1),
	(41,'8綠半反','2010-12-21 02:40:58','2010-12-21 02:40:58',1),
	(42,'10綠半反','2010-12-21 02:41:03','2010-12-21 02:41:03',1),
	(43,'5銀半反','2010-12-21 02:41:09','2010-12-21 02:41:09',1),
	(44,'8銀半反','2010-12-21 02:41:15','2010-12-21 02:41:15',1),
	(45,'5藍','2010-12-21 02:41:24','2010-12-21 02:41:24',1),
	(46,'8藍','2010-12-21 02:41:30','2010-12-21 02:41:30',1),
	(47,'5藍半反','2010-12-21 02:41:36','2010-12-21 02:41:36',1),
	(48,'6藍半反','2010-12-21 02:41:42','2010-12-21 02:41:42',1),
	(50,'8藍半反','2010-12-21 02:47:15','2010-12-21 02:56:19',1),
	(55,'變色玻璃','2010-12-24 13:44:39','2010-12-24 13:44:39',1),
	(54,'防彈玻璃','2010-12-24 05:20:06','2010-12-24 05:20:06',1),
	(56,'5優白','2010-12-29 01:02:05','2010-12-29 01:02:05',1),
	(57,'5光優','2010-12-29 01:38:34','2010-12-29 01:38:34',1),
	(58,'5火焰','2010-12-29 02:18:37','2010-12-29 02:18:37',1),
	(59,'5木紋','2010-12-29 02:20:24','2010-12-29 02:20:24',1),
	(60,'10優白','2011-01-18 06:11:31','2011-01-18 06:11:31',1);

/*!40000 ALTER TABLE `products` ENABLE KEYS */;
UNLOCK TABLES;


# Dump of table property
# ------------------------------------------------------------

DROP TABLE IF EXISTS `property`;

CREATE TABLE `property` (
  `id` int(11) NOT NULL AUTO_INCREMENT,
  `refresh_time` varchar(10) NOT NULL DEFAULT '5',
  PRIMARY KEY (`id`)
) ENGINE=MyISAM AUTO_INCREMENT=2 DEFAULT CHARSET=utf8;

LOCK TABLES `property` WRITE;
/*!40000 ALTER TABLE `property` DISABLE KEYS */;
INSERT INTO `property` (`id`,`refresh_time`)
VALUES
	(1,'1');

/*!40000 ALTER TABLE `property` ENABLE KEYS */;
UNLOCK TABLES;


# Dump of table units
# ------------------------------------------------------------

DROP TABLE IF EXISTS `units`;

CREATE TABLE `units` (
  `id` int(11) NOT NULL AUTO_INCREMENT,
  `name` varchar(10) DEFAULT NULL,
  PRIMARY KEY (`id`)
) ENGINE=MyISAM AUTO_INCREMENT=4 DEFAULT CHARSET=utf8;

LOCK TABLES `units` WRITE;
/*!40000 ALTER TABLE `units` DISABLE KEYS */;
INSERT INTO `units` (`id`,`name`)
VALUES
	(1,'cm'),
	(2,'in'),
	(3,'台尺');

/*!40000 ALTER TABLE `units` ENABLE KEYS */;
UNLOCK TABLES;


# Dump of table users
# ------------------------------------------------------------

DROP TABLE IF EXISTS `users`;

CREATE TABLE `users` (
  `id` int(11) NOT NULL AUTO_INCREMENT,
  `username` varchar(100) DEFAULT NULL,
  `password` varchar(50) DEFAULT NULL,
  `permission1` int(1) NOT NULL DEFAULT '0',
  `permission2` int(1) NOT NULL DEFAULT '0',
  `permission3` int(1) NOT NULL DEFAULT '0',
  `permission4` int(1) NOT NULL DEFAULT '0',
  `permission5` int(1) NOT NULL DEFAULT '0',
  `permission6` int(1) NOT NULL DEFAULT '0',
  `permission7` int(1) NOT NULL DEFAULT '0',
  `permission8` int(1) NOT NULL DEFAULT '0',
  `permission9` int(1) NOT NULL DEFAULT '0',
  `created` datetime DEFAULT NULL,
  `modified` datetime DEFAULT NULL,
  `status` int(1) NOT NULL DEFAULT '1',
  PRIMARY KEY (`id`)
) ENGINE=MyISAM AUTO_INCREMENT=10 DEFAULT CHARSET=utf8;

LOCK TABLES `users` WRITE;
/*!40000 ALTER TABLE `users` DISABLE KEYS */;
INSERT INTO `users` (`id`,`username`,`password`,`permission1`,`permission2`,`permission3`,`permission4`,`permission5`,`permission6`,`permission7`,`permission8`,`permission9`,`created`,`modified`,`status`)
VALUES
	(1,'admin','admin123',1,1,1,1,1,1,1,1,1,'2010-12-23 16:02:30','2010-12-23 16:02:30',1),
	(3,'dars','1234',1,1,0,0,0,0,0,0,0,'2010-12-23 16:10:44','2010-12-23 16:10:44',1),
	(9,'123','123',1,0,0,1,1,1,1,0,0,'2010-12-31 05:29:29','2010-12-31 07:02:08',1),
	(8,'1234','1234',0,1,1,1,1,0,0,0,0,'2010-12-29 11:59:15','2010-12-29 11:59:15',1);

/*!40000 ALTER TABLE `users` ENABLE KEYS */;
UNLOCK TABLES;





/*!40111 SET SQL_NOTES=@OLD_SQL_NOTES */;
/*!40101 SET SQL_MODE=@OLD_SQL_MODE */;
/*!40014 SET FOREIGN_KEY_CHECKS=@OLD_FOREIGN_KEY_CHECKS */;
/*!40014 SET UNIQUE_CHECKS=@OLD_UNIQUE_CHECKS */;
/*!40101 SET CHARACTER_SET_CLIENT=@OLD_CHARACTER_SET_CLIENT */;
/*!40101 SET CHARACTER_SET_RESULTS=@OLD_CHARACTER_SET_RESULTS */;
/*!40101 SET COLLATION_CONNECTION=@OLD_COLLATION_CONNECTION */;
